Date,Open,High,Low,Close
2018-01-25,1770.24,1770.24,1770.24,1770.24
2018-01-26,1770.24,1770.24,1770.24,1770.24
2018-01-29,1868.8,1893.12,1868.8,1893.12
2018-01-30,1970.5601,2035.84,1951.36,1955.2
2018-01-31,1917.4399,1963.52,1917.4399,1961.6
2018-02-01,1929.6,1929.6,1850.88,1862.848
2018-02-02,1922.5601,2131.2,1921.92,2102.3999
2018-02-05,2172.1599,2839.6799,2088.3201,2807.04
2018-02-06,2944.0,3718.3999,2759.4241,2759.4241
2018-02-07,2799.3601,2885.76,2682.8799,2850.5601
2018-02-08,2907.52,3531.52,2903.04,3531.52
2018-02-09,3182.0801,3609.6001,3136.0,3217.9199
2018-02-12,3089.9199,3205.1201,3072.0,3107.2
2018-02-13,3123.8401,3139.8401,3046.3999,3070.0801
2018-02-14,3028.48,3029.1201,2708.48,2718.72
2018-02-15,2625.9199,2741.76,2616.6399,2656.0
2018-02-16,2700.8,2735.3601,2595.8401,2695.6799
2018-02-20,2764.8,2859.52,2744.96,2805.76
2018-02-21,2778.24,2850.5601,2629.1201,2848.0
2018-02-22,2767.3601,2848.6399,2739.2,2810.8799
2018-02-23,2721.28,2743.04,2590.0801,2591.3601
2018-02-26,2516.48,2528.6399,2476.8,2513.9199
2018-02-27,2506.9441,2727.6799,2506.9441,2714.24
2018-02-28,2644.48,2837.1201,2636.8,2826.24
2018-03-01,2804.48,3156.48,2804.48,3020.8
2018-03-02,3179.52,3233.28,2887.6799,2887.6799
2018-03-05,2942.0801,2942.0801,2754.5601,2781.4399
2018-03-06,2759.6799,2880.6399,2759.6799,2796.1599
2018-03-07,2848.0,2848.0,2753.9199,2754.5601
2018-03-08,2725.1201,2726.3999,2725.1201,2725.76
2018-03-09,2580.48,2580.48,2448.0,2448.0
2018-03-12,2490.8799,2560.0,2490.8799,2544.6399
2018-03-13,2565.1201,2605.4399,2565.1201,2605.4399
2018-03-14,2591.3601,2686.0801,2591.3601,2662.3999
2018-03-15,2576.6399,2604.1599,2576.6399,2588.1599
2018-03-16,2515.2,2515.2,2515.2,2515.2
2018-03-19,2580.48,2891.52,2580.48,2775.6799
2018-03-20,2757.1201,2757.1201,2722.5601,2722.5601
2018-03-21,2685.4399,2695.6799,2547.2,2623.3601
2018-03-22,2890.24,3041.9199,2779.52,3020.8
2018-03-23,3010.5601,3201.28,2913.28,3200.0
2018-03-26,3016.96,3150.0801,2963.2,2963.2
2018-03-27,2963.2,3238.3999,2963.2,3185.9199
2018-03-28,3278.72,3296.0,3206.0801,3206.0801
2018-03-29,3136.0,3136.0,3136.0,3136.0
2018-04-02,3114.24,3418.8799,3100.1599,3317.76
2018-04-03,3235.8401,3274.8799,3175.6799,3175.6799
2018-04-04,3367.6799,3374.0801,3106.5601,3115.52
2018-04-05,3031.6799,3031.6799,3031.6799,3031.6799
2018-04-06,3066.24,3308.8,3066.24,3187.2
2018-04-09,3187.2,3187.2,3187.2,3187.2
2018-04-10,3187.2,3187.2,3187.2,3187.2
2018-04-11,3187.2,3187.2,3187.2,3187.2
2018-04-12,3077.76,3077.76,3077.76,3077.76
2018-04-13,2942.72,2942.72,2942.72,2942.72
2018-04-16,2793.6001,2793.6001,2793.6001,2793.6001
2018-04-17,2579.2,2579.2,2579.2,2579.2
2018-04-18,2640.6399,2640.6399,2593.28,2595.8401
2018-04-19,2667.52,2709.76,2621.4399,2622.0801
2018-04-20,2723.2,2723.2,2695.04,2695.04
2018-04-23,2681.6001,2681.6001,2629.76,2662.3999
2018-04-24,2661.76,2661.76,2661.76,2661.76
2018-04-25,2928.0,2928.0,2835.2,2851.2
2018-04-26,2800.6399,2800.6399,2708.48,2717.4399
2018-04-27,2671.3601,2671.3601,2651.2,2651.2
2018-04-30,2625.28,2625.28,2625.28,2625.28
2018-05-01,2707.2,2711.04,2707.2,2711.04
2018-05-02,2596.48,2602.24,2544.6399,2544.6399
2018-05-03,2686.72,2800.0,2686.72,2752.0
2018-05-04,2579.2,2579.2,2579.2,2579.2
2018-05-07,2552.96,2552.96,2544.0,2544.0
2018-05-08,2544.0,2544.0,2544.0,2544.0
2018-05-09,2511.3601,2511.3601,2476.1599,2482.5601
2018-05-10,2343.04,2349.4399,2343.04,2349.4399
2018-05-11,2330.8799,2352.6399,2293.1201,2293.1201
2018-05-14,2225.9199,2225.9199,2225.9199,2225.9199
2018-05-15,2340.48,2387.2,2324.48,2387.2
2018-05-16,2336.0,2336.0,2287.3601,2308.1599
2018-05-17,2295.6799,2295.6799,2250.8799,2250.8799
2018-05-18,2269.4399,2271.3601,2266.8799,2266.8799
2018-05-21,2154.24,2195.8401,2154.24,2176.0
2018-05-22,2191.488,2191.488,2191.488,2191.488
2018-05-23,2300.1599,2300.1599,2174.72,2174.72
2018-05-24,2216.96,2271.3601,2187.52,2187.52
2018-05-25,2187.52,2187.52,2164.48,2164.48
2018-05-29,2307.8401,2523.52,2307.8401,2458.8799
2018-05-30,2362.8799,2362.8799,2339.8401,2339.8401
2018-05-31,2364.8,2388.48,2333.4399,2364.1599
2018-06-01,2261.1201,2261.76,2248.3201,2248.3201
2018-06-04,2248.3201,2248.3201,2248.3201,2248.3201
2018-06-05,2177.28,2177.28,2177.28,2177.28
2018-06-06,2118.3999,2118.3999,2076.1599,2076.1599
2018-06-07,2062.72,2152.96,2062.72,2100.48
2018-06-08,2075.52,2075.52,2075.52,2075.52
2018-06-11,2092.8,2092.8,2048.0,2053.1201
2018-06-12,2033.92,2046.72,2033.92,2046.72
2018-06-13,2026.24,2068.48,2026.24,2056.96
2018-06-14,2022.4,2022.4,1998.08,2001.408
2018-06-15,2048.0,2049.28,2023.6801,2023.6801
2018-06-18,2085.76,2085.76,1998.08,1999.936
2018-06-19,2125.4399,2157.4399,2097.9199,2101.696
2018-06-20,2058.24,2058.24,2031.36,2053.76
2018-06-21,2065.9199,2220.8,2065.9199,2189.4399
2018-06-22,2113.28,2147.4561,2105.6001,2132.48
2018-06-25,2256.6399,2499.2,2256.6399,2438.3999
2018-06-26,2383.3601,2391.04,2296.3201,2338.5601
2018-06-27,2314.24,2479.3601,2308.48,2464.0
2018-06-28,2543.3601,2545.9199,2503.04,2508.8
2018-06-29,2351.3601,2368.0,2302.0801,2362.8799
2018-07-02,2502.3999,2502.3999,2415.3601,2415.3601
2018-07-03,2415.3601,2415.3601,2415.3601,2415.3601
2018-07-05,2314.24,2314.24,2314.24,2314.24
2018-07-06,2245.1201,2245.1201,2199.3601,2199.3601
2018-07-09,2112.0,2112.0,2078.0801,2078.72
2018-07-10,2059.52,2062.72,2034.5601,2034.5601
2018-07-11,2106.8799,2127.3601,2100.48,2101.76
2018-07-12,2076.1599,2076.1599,2048.0,2048.0
2018-07-13,2042.88,2042.88,2030.656,2030.656
2018-07-16,1998.08,2025.92,1991.6801,1999.36
2018-07-17,1966.72,1966.72,1966.08,1966.08
2018-07-18,1955.84,1990.4,1944.3199,1955.84
2018-07-19,1996.8,2007.6801,1991.6801,1996.8
2018-07-20,2024.3199,2025.6,1994.24,2001.088
2018-07-23,1992.96,2022.4,1992.96,2019.84
2018-07-24,1941.76,2012.16,1941.76,1967.36
2018-07-25,1975.04,1984.0,1932.8,1949.4399
2018-07-26,1948.16,1954.5601,1948.16,1954.5601
2018-07-27,1958.4,2056.3201,1946.24,2018.5601
2018-07-30,1994.24,2056.3201,1994.24,2056.3201
2018-07-31,2008.3199,2008.3199,2008.3199,2008.3199
2018-08-01,1987.84,1987.84,1964.8,1984.0
2018-08-02,2051.072,2051.072,1963.52,1963.52
2018-08-03,1931.52,1932.8,1928.064,1928.96
2018-08-06,1928.96,1928.96,1873.152,1873.152
2018-08-07,1845.76,1845.76,1825.92,1827.84
2018-08-08,1794.5601,1794.5601,1794.048,1794.048
2018-08-09,1788.8,1827.2,1783.04,1825.92
2018-08-10,1908.608,1952.0,1889.28,1917.4399
2018-08-13,1937.92,2032.64,1877.76,2028.8
2018-08-14,1982.72,2016.0,1926.4,1926.4
2018-08-15,2045.4399,2168.3201,2026.24,2046.72
2018-08-16,1969.92,1969.92,1912.3199,1934.72
2018-08-17,1968.64,1973.76,1881.6,1887.36
2018-08-20,1848.3199,1854.72,1838.08,1848.3199
2018-08-21,1835.52,1886.72,1835.52,1885.4399
2018-08-22,1885.4399,1885.4399,1852.8,1852.8
2018-08-23,1854.72,1867.52,1832.96,1857.92
2018-08-24,1824.0,1848.3199,1818.88,1847.04
2018-08-27,1834.048,1849.6,1831.6801,1849.6
2018-08-28,1843.2,1857.28,1834.24,1851.52
2018-08-29,1853.4399,1853.4399,1833.6,1833.6
2018-08-30,1853.4399,1896.064,1852.16,1888.64
2018-08-31,1872.0,1912.3199,1848.96,1900.16
2018-09-04,1889.28,1917.4399,1873.92,1873.92
2018-09-05,1920.0,1930.24,1884.16,1885.4399
2018-09-06,1934.08,1979.52,1914.88,1943.04
2018-09-07,1987.84,2000.0,1955.2,1971.84
2018-09-10,1939.84,1939.84,1905.92,1918.72
2018-09-11,1941.76,1946.88,1862.4,1862.4
2018-09-12,1855.36,1855.36,1829.824,1838.08
2018-09-13,1800.96,1800.96,1788.16,1788.16
2018-09-14,1768.3199,1779.2,1750.4,1750.4
2018-09-17,1749.76,1804.8,1744.64,1804.8
2018-09-18,1790.72,1795.84,1768.96,1795.2
2018-09-19,1744.0,1744.0,1724.16,1733.12
2018-09-20,1707.52,1712.64,1692.16,1704.96
2018-09-21,1706.24,1706.624,1683.2,1700.224
2018-09-24,1715.2,1743.36,1706.24,1706.88
2018-09-25,1685.76,1722.88,1685.76,1722.88
2018-09-26,1699.84,1728.0,1690.88,1728.0
2018-09-27,1719.04,1719.04,1711.36,1711.36
2018-09-28,1722.88,1722.88,1708.8,1708.8
2018-10-01,1664.0,1704.96,1660.16,1689.6
2018-10-02,1696.0,1697.28,1684.48,1689.6
2018-10-03,1667.84,1692.16,1666.5601,1676.8
2018-10-04,1719.04,1843.2,1707.52,1779.2
2018-10-05,1747.2,1909.76,1732.48,1807.36
2018-10-08,1868.16,1948.16,1827.392,1832.96
2018-10-09,1880.3199,1882.88,1861.12,1861.12
2018-10-10,1913.6,2178.5601,1913.6,2172.8
2018-10-11,2149.1201,2457.6001,2096.6399,2359.04
2018-10-12,2152.96,2378.24,2152.96,2180.48
2018-10-15,2227.3279,2280.96,2165.76,2193.28
2018-10-16,2140.1599,2156.1599,2046.72,2053.1201
2018-10-17,2043.52,2184.3201,2043.52,2077.4399
2018-10-18,2126.72,2284.1599,2105.6001,2230.3999
2018-10-19,2179.8401,2270.72,2160.0,2193.28
2018-10-22,2179.2,2302.72,2179.2,2213.1201
2018-10-23,2404.48,2467.8401,2257.28,2296.96
2018-10-24,2281.6001,2474.24,2272.0,2474.24
2018-10-25,2451.2,2513.28,2375.04,2423.04
2018-10-26,2586.24,2665.6001,2481.9199,2559.3601
2018-10-29,2462.72,2696.96,2435.2,2581.76
2018-10-30,2602.24,2602.24,2478.0801,2483.8401
2018-10-31,2434.5601,2467.2,2370.5601,2405.1201
2018-11-01,2421.1201,2449.28,2325.76,2327.6799
2018-11-02,2291.8401,2428.8,2272.0,2346.24
2018-11-05,2352.6399,2360.96,2307.2,2323.8401
2018-11-06,2321.28,2327.6799,2245.1201,2245.1201
2018-11-07,2164.48,2164.48,2083.2,2089.6001
2018-11-08,2072.3201,2098.688,2029.4399,2080.0
2018-11-09,2101.1201,2184.96,2099.072,2126.9121
2018-11-12,2154.8799,2316.8,2154.8799,2307.8401
2018-11-13,2304.6399,2387.2,2266.24,2325.1201
2018-11-14,2280.3201,2440.3201,2278.3999,2385.28
2018-11-15,2427.52,2480.0,2350.72,2360.3201
2018-11-16,2400.6399,2416.0,2244.48,2252.1599
2018-11-19,2254.0801,2396.8,2246.3999,2384.0
2018-11-20,2526.72,2578.688,2479.3601,2517.1201
2018-11-21,2441.0879,2490.8799,2428.8,2458.24
2018-11-23,2508.8,2519.6799,2461.4399,2479.3601
2018-11-26,2424.3201,2424.3201,2337.9199,2339.2
2018-11-27,2380.1599,2383.3601,2291.8401,2297.6001
2018-11-28,2262.72,2313.6001,2211.2,2229.76
2018-11-29,2263.6799,2337.9199,2237.4399,2270.0801
2018-11-30,2272.7041,2272.7041,2195.2,2206.0801
2018-12-03,2048.0,2108.8,2037.12,2086.3999
2018-12-04,2066.5601,2393.0239,2064.6399,2357.76
2018-12-06,2545.28,2663.6799,2403.8401,2418.5601
2018-12-07,2410.8799,2623.3601,2370.5601,2580.48
2018-12-10,2584.3201,2707.2,2540.1599,2555.52
2018-12-11,2475.52,2640.6399,2469.76,2555.968
2018-12-12,2490.24,2536.3201,2459.52,2535.6799
2018-12-13,2502.3999,2553.6001,2469.76,2496.6399
2018-12-14,2554.24,2613.1201,2521.6001,2598.3999
2018-12-17,2622.72,2778.24,2584.3201,2725.76
2018-12-18,2681.6001,2812.8,2675.8401,2738.5601
2018-12-19,2720.0,2813.4399,2599.04,2728.96
2018-12-20,2800.0,2953.6001,2753.28,2867.8401
2018-12-21,2871.04,3046.3999,2828.1599,3012.48
2018-12-24,3053.4399,3165.4399,3035.52,3163.52
2018-12-26,3145.6001,3216.0,2991.3601,2995.8401
2018-12-27,3180.1599,3326.72,3098.24,3122.5601
2018-12-28,3127.04,3219.2,3047.6799,3117.4399
2018-12-31,3038.72,3075.2,3000.96,3007.3601
2019-01-02,3102.0801,3123.072,2908.1599,2927.3601
2019-01-03,2982.3999,3114.24,2962.5601,3048.96
2019-01-04,2931.8401,2945.9199,2798.72,2807.04
2019-01-07,2785.9199,2825.0879,2710.3999,2744.3201
2019-01-08,2696.96,2791.6799,2680.3201,2688.6399
2019-01-09,2666.8799,2687.3601,2595.8401,2625.28
2019-01-10,2672.0,2705.9199,2597.76,2597.76
2019-01-11,2636.8,2644.48,2512.6399,2513.28
2019-01-14,2585.6001,2586.24,2485.1201,2520.3201
2019-01-15,2499.2,2510.0801,2407.6799,2410.8799
2019-01-16,2385.9199,2459.52,2376.3201,2459.52
2019-01-17,2476.8,2477.4399,2394.8799,2432.0
2019-01-18,2364.1599,2399.3601,2325.76,2371.8401
2019-01-22,2400.0,2615.6799,2393.6001,2580.48
2019-01-23,2541.4399,2719.3601,2534.3999,2566.3999
2019-01-24,2569.6001,2600.96,2441.6001,2475.52
2019-01-25,2421.1201,2437.1201,2376.3201,2382.72
2019-01-28,2469.76,2559.3601,2467.2,2481.28
2019-01-29,2451.8401,2515.2,2431.6799,2474.24
2019-01-30,2433.9199,2478.0801,2360.96,2365.4399
2019-01-31,2361.6001,2362.8799,2267.52,2267.52
2019-02-01,2261.1201,2281.6001,2233.6001,2245.76
2019-02-04,2235.52,2250.24,2165.76,2176.0
2019-02-05,2156.8,2174.72,2109.4399,2157.4399
2019-02-06,2140.1599,2170.24,2117.1201,2145.9199
2019-02-07,2211.2,2304.6399,2177.28,2217.6001
2019-02-08,2268.1599,2289.28,2186.24,2190.72
2019-02-11,2161.28,2200.3201,2145.28,2167.04
2019-02-12,2116.48,2142.0801,2102.3999,2128.0
2019-02-13,2110.72,2147.2,2100.48,2122.8799
2019-02-14,2171.52,2210.5601,2120.3201,2161.28
2019-02-15,2117.76,2134.3999,2081.6001,2085.76
2019-02-19,2122.8799,2129.28,2064.0,2092.1599
2019-02-20,2077.4399,2077.4399,2006.528,2008.3199
2019-02-21,2017.28,2066.24,1981.8879,2034.5601
2019-02-22,2000.0,2006.4,1953.28,1957.76
2019-02-25,1913.6,1994.88,1891.84,1992.96
2019-02-26,2023.04,2035.2,1976.96,2009.6
2019-02-27,2032.64,2085.1201,1994.88,2011.52
2019-02-28,2012.8,2019.84,1971.2,2010.24
2019-03-01,1957.12,1995.52,1918.72,1918.72
2019-03-04,1896.96,2067.2,1873.28,1965.4399
2019-03-05,1960.3199,2008.96,1950.72,1976.96
2019-03-06,1976.96,2048.0,1975.04,2035.2
2019-03-07,2059.52,2153.6001,2055.6799,2112.6399
2019-03-08,2177.28,2213.76,2124.1599,2126.72
2019-03-11,2087.04,2087.04,1964.8,1971.84
2019-03-12,1952.0,1960.96,1913.6,1916.16
2019-03-13,1903.36,1914.24,1879.04,1895.6801
2019-03-14,1897.6,1901.056,1858.5601,1864.3199
2019-03-15,1856.0,1861.12,1805.4399,1829.76
2019-03-18,1843.84,1872.64,1818.24,1834.24
2019-03-19,1802.24,1875.84,1799.6801,1846.4
2019-03-20,1851.52,1888.64,1807.36,1866.24
2019-03-21,1893.76,1893.76,1820.928,1841.92
2019-03-22,1879.6801,2066.5601,1861.12,2053.1201
2019-03-25,2056.96,2112.0,2012.16,2063.3601
2019-03-26,1971.2,1998.72,1934.08,1946.88
2019-03-27,1941.76,2055.04,1927.6801,1976.3199
2019-03-28,1963.52,1989.76,1926.72,1932.16
2019-03-29,1896.96,1907.84,1866.88,1872.64
2019-04-01,1854.08,1867.52,1832.96,1839.36
2019-04-02,1845.76,1854.72,1825.92,1834.24
2019-04-03,1804.8,1874.24,1799.6801,1847.04
2019-04-04,1836.8,1859.84,1815.04,1828.48
2019-04-05,1806.08,1818.88,1790.08,1792.0
2019-04-08,1796.48,1809.92,1779.52,1783.6801
2019-04-09,1807.36,1857.92,1797.12,1847.04
2019-04-10,1829.76,1843.2,1792.0,1795.2
2019-04-11,1770.88,1783.6801,1754.24,1760.0
2019-04-12,1724.8,1726.08,1674.5601,1680.64
2019-04-15,1655.6801,1725.4399,1651.2,1658.88
2019-04-16,1648.0,1657.6,1626.88,1645.4399
2019-04-17,1617.92,1685.76,1615.36,1656.96
2019-04-18,1651.2,1684.48,1627.52,1630.72
2019-04-22,1648.0,1661.4399,1614.72,1616.0
2019-04-23,1606.4,1615.36,1591.04,1603.2
2019-04-24,1605.76,1644.8,1602.5601,1644.8
2019-04-25,1658.88,1723.84,1640.96,1676.8
2019-04-26,1658.24,1684.48,1616.64,1618.5601
2019-04-29,1628.8,1644.8,1615.04,1643.52
2019-04-30,1637.12,1690.24,1632.0,1643.52
2019-05-01,1624.96,1706.88,1616.0,1705.6
2019-05-02,1705.6,1775.36,1680.64,1708.16
2019-05-03,1663.36,1666.5601,1619.84,1626.88
2019-05-06,1789.4399,1806.08,1706.24,1719.04
2019-05-07,1818.24,2052.48,1800.96,2005.12
2019-05-08,1983.36,2018.5601,1895.04,1965.4399
2019-05-09,2073.6001,2130.5601,1949.4399,1955.2
2019-05-10,1976.3199,2024.96,1804.16,1804.16
2019-05-13,2026.88,2085.76,1972.48,2076.8
2019-05-14,1999.36,2012.16,1934.72,1961.6
2019-05-15,2016.0,2029.952,1873.28,1879.04
2019-05-16,1864.3199,1865.6,1786.24,1798.4
2019-05-17,1871.36,1872.64,1774.72,1825.28
2019-05-20,1875.84,1907.2,1817.6,1852.16
2019-05-21,1792.0,1793.28,1752.96,1758.72
2019-05-22,1766.4,1772.16,1723.52,1742.08
2019-05-23,1808.0,1888.0,1808.0,1857.28
2019-05-24,1802.88,1843.2,1784.3199,1818.88
2019-05-28,1806.08,1873.28,1776.64,1873.28
2019-05-29,1912.96,1943.6801,1876.48,1909.76
2019-05-30,1863.04,1912.3199,1846.08,1875.84
2019-05-31,1966.72,1976.96,1913.92,1946.88
2019-06-03,1945.6,2010.24,1908.48,1966.72
2019-06-04,1907.84,1935.36,1856.0,1857.28
2019-06-05,1833.6,1877.12,1811.84,1821.4399
2019-06-06,1807.36,1827.2,1777.28,1782.4
2019-06-07,1777.28,1802.368,1766.4,1795.84
2019-06-10,1773.4399,1807.36,1767.04,1783.04
2019-06-11,1753.6,1811.2,1747.2,1786.24
2019-06-12,1799.04,1811.2,1770.24,1777.92
2019-06-13,1756.8,1785.92,1749.12,1767.04
2019-06-14,1779.2,1795.84,1745.92,1748.48
2019-06-17,1746.5601,1751.04,1720.448,1729.92
2019-06-18,1698.5601,1726.72,1686.4,1716.48
2019-06-19,1705.6,1723.52,1656.3199,1659.52
2019-06-20,1629.4399,1716.48,1616.64,1664.64
2019-06-21,1676.8,1715.84,1656.64,1703.6801
2019-06-24,1692.8,1697.28,1672.96,1688.3199
2019-06-25,1689.6,1739.584,1687.6801,1731.2
2019-06-26,1697.28,1731.2,1688.96,1717.76
2019-06-27,1705.6,1714.88,1676.8,1690.88
2019-06-28,1672.3199,1683.2,1655.6801,1664.0
2019-07-01,1571.2,1605.12,1565.4399,1571.84
2019-07-02,1574.4,1574.4,1511.04,1513.6
2019-07-03,1514.88,1528.3199,1498.88,1504.64
2019-07-05,1536.64,1581.4399,1504.0,1509.12
2019-07-08,1543.6801,1566.08,1529.6,1550.72
2019-07-09,1597.4399,1597.4399,1550.08,1555.2
2019-07-10,1534.72,1535.168,1503.6801,1507.84
2019-07-11,1486.72,1510.4,1473.6,1482.88
2019-07-12,1472.64,1484.16,1456.0,1459.2
2019-07-15,1452.16,1467.52,1445.12,1453.4399
2019-07-16,1446.4,1465.6,1426.5601,1457.92
2019-07-17,1445.12,1495.04,1436.16,1495.04
2019-07-18,1493.76,1517.76,1453.4399,1479.36
2019-07-19,1450.88,1499.52,1445.76,1496.3199
2019-07-22,1494.4,1502.72,1455.36,1466.24
2019-07-23,1440.64,1464.3199,1413.12,1414.4
2019-07-24,1429.76,1431.6801,1370.24,1378.5601
2019-07-25,1386.24,1446.4,1386.24,1420.8
2019-07-26,1394.5601,1397.12,1373.4399,1384.96
2019-07-29,1388.16,1408.0,1381.76,1397.12
2019-07-30,1424.64,1438.08,1404.16,1429.76
2019-07-31,1427.84,1557.76,1403.52,1509.76
2019-08-01,1512.96,1672.96,1443.52,1628.8
2019-08-02,1632.0,1708.16,1617.28,1642.24
2019-08-05,1758.08,1896.0,1745.92,1875.2
2019-08-06,1806.08,1898.88,1758.72,1758.72
2019-08-07,1884.16,1925.76,1758.72,1767.6801
2019-08-08,1731.84,1754.24,1655.6801,1662.72
2019-08-09,1691.52,1757.76,1675.52,1723.52
2019-08-12,1750.4,1855.36,1744.0,1848.96
2019-08-13,1878.4,1881.6,1709.4399,1712.64
2019-08-14,1829.76,1952.0,1796.48,1949.76
2019-08-15,1902.08,1984.0,1879.808,1898.88
2019-08-16,1861.76,1864.96,1789.4399,1793.92
2019-08-19,1718.4,1727.808,1656.3199,1662.72
2019-08-20,1680.64,1714.5601,1664.64,1702.4
2019-08-21,1633.92,1646.72,1616.0,1619.2
2019-08-22,1605.76,1693.4399,1604.8,1648.0
2019-08-23,1704.3199,1885.4399,1629.4399,1853.4399
2019-08-26,1761.92,1854.08,1756.16,1798.4
2019-08-27,1768.3199,1880.96,1762.5601,1834.88
2019-08-28,1877.12,1904.0,1792.0,1793.28
2019-08-29,1739.52,1756.16,1701.12,1718.4
2019-08-30,1683.2,1768.96,1683.2,1728.0
2019-09-03,1792.0,1820.8,1761.28,1804.16
2019-09-04,1733.76,1765.76,1691.52,1692.8
2019-09-05,1650.5601,1654.4,1609.6,1630.08
2019-09-06,1608.96,1620.16,1574.4,1582.08
2019-09-09,1553.28,1608.96,1550.08,1566.72
2019-09-10,1588.48,1611.52,1557.76,1561.6
2019-09-11,1559.6801,1565.4399,1527.04,1537.28
2019-09-12,1508.48,1529.6,1482.88,1500.8
2019-09-13,1482.24,1493.12,1460.48,1477.12
2019-09-16,1510.4,1514.88,1472.64,1498.88
2019-09-17,1503.36,1518.72,1490.5601,1491.84
2019-09-18,1478.4,1516.288,1440.0,1443.84
2019-09-19,1424.0,1428.16,1395.2,1417.6
2019-09-20,1402.88,1502.72,1397.12,1490.5601
2019-09-23,1496.3199,1500.16,1452.8,1477.76
2019-09-24,1441.28,1557.76,1436.8,1546.24
2019-09-25,1542.4,1598.08,1497.6,1511.04
2019-09-26,1507.2,1552.64,1505.92,1523.84
2019-09-27,1504.64,1607.36,1496.3199,1565.4399
2019-09-30,1547.52,1549.4399,1502.72,1519.36
2019-10-01,1480.3199,1587.2,1475.2,1586.5601
2019-10-02,1630.72,1712.64,1630.08,1692.8
2019-10-03,1687.04,1734.4,1627.52,1628.16
2019-10-04,1616.0,1617.28,1539.2,1541.76
2019-10-07,1562.88,1579.52,1520.64,1553.28
2019-10-08,1612.8,1681.28,1595.52,1679.36
2019-10-09,1628.8,1653.12,1584.64,1623.04
2019-10-10,1620.48,1625.6,1558.72,1563.52
2019-10-11,1516.8,1524.48,1447.6801,1473.28
2019-10-14,1478.4,1479.04,1423.36,1425.28
2019-10-15,1397.76,1401.6,1367.04,1388.16
2019-10-16,1386.24,1400.3199,1367.6801,1370.88
2019-10-17,1357.4399,1371.52,1341.76,1362.5601
2019-10-18,1368.3199,1392.64,1345.92,1359.36
2019-10-21,1344.0,1349.12,1322.24,1323.52
2019-10-22,1317.12,1345.92,1306.88,1344.64
2019-10-23,1353.6,1354.88,1327.04,1328.0
2019-10-24,1316.48,1340.8,1306.88,1309.4399
2019-10-25,1316.48,1318.4,1265.92,1266.5601
2019-10-28,1261.4399,1283.2,1257.6,1278.72
2019-10-29,1290.88,1297.28,1269.4399,1277.4399
2019-10-30,1278.08,1309.12,1243.84,1246.08
2019-10-31,1259.52,1292.8,1250.5601,1264.0
2019-11-01,1226.24,1233.28,1205.76,1207.6801
2019-11-04,1191.04,1219.84,1186.88,1209.6
2019-11-05,1216.0,1237.12,1212.8,1234.5601
2019-11-06,1236.48,1254.848,1226.24,1230.08
2019-11-07,1205.12,1228.16,1203.2,1218.5601
2019-11-08,1221.76,1233.92,1192.0,1192.96
2019-11-11,1216.0,1221.12,1177.6,1188.48
2019-11-12,1179.52,1185.92,1164.8,1174.4
2019-11-13,1187.2,1192.3199,1169.92,1182.72
2019-11-14,1185.92,1196.16,1163.52,1163.52
2019-11-15,1145.6,1150.72,1112.3199,1113.6
2019-11-18,1114.24,1125.12,1104.64,1112.3199
2019-11-19,1106.5601,1130.24,1102.08,1124.48
2019-11-20,1128.3199,1176.96,1112.3199,1136.0
2019-11-21,1128.96,1160.96,1125.76,1138.5601
2019-11-22,1120.64,1132.8,1104.64,1105.92
2019-11-25,1081.6,1081.6,1053.4399,1057.92
2019-11-26,1049.6,1056.0,1036.8,1042.5601
2019-11-27,1033.92,1038.08,1030.4,1037.4399
2019-11-29,1046.4,1058.5601,1041.92,1058.5601
2019-12-02,1057.28,1128.3199,1053.4399,1113.6
2019-12-03,1199.36,1218.5601,1171.84,1178.24
2019-12-04,1141.76,1150.72,1109.76,1123.84
2019-12-05,1106.5601,1144.3199,1104.64,1109.12
2019-12-06,1066.88,1086.08,1061.12,1070.72
2019-12-09,1075.2,1127.36,1069.76,1126.4
2019-12-10,1120.0,1150.08,1105.28,1128.3199
2019-12-11,1116.16,1122.5601,1095.04,1102.08
2019-12-12,1099.52,1106.5601,1035.52,1036.8
2019-12-13,1032.3199,1058.5601,992.64,993.92
2019-12-16,964.48,973.44,952.32,972.8
2019-12-17,963.2,977.92,958.08,965.76
2019-12-18,954.24,976.0,951.552,975.36
2019-12-19,971.52,976.0,951.04,951.04
2019-12-20,947.84,962.56,944.64,962.56
2019-12-23,960.0,968.32,958.08,965.76
2019-12-24,961.92,966.464,953.6,956.16
2019-12-26,948.48,956.8,947.2,954.88
2019-12-27,951.04,984.96,950.4,974.72
2019-12-30,983.04,1021.44,982.4,1008.64
2019-12-31,1022.08,1027.84,963.84,967.68
2020-01-02,941.44,962.56,928.0,928.64
2020-01-03,1002.88,1007.36,956.8,978.56
2020-01-06,1007.36,1010.624,965.12,965.12
2020-01-07,970.24,983.04,950.4,960.64
2020-01-08,954.24,960.0,917.12,947.2
2020-01-09,920.32,929.28,906.88,907.52
2020-01-10,906.24,914.24,893.44,903.68
2020-01-13,893.44,903.04,879.36,880.64
2020-01-14,882.56,889.6,864.64,874.24
2020-01-15,874.24,877.44,864.64,871.68
2020-01-16,858.88,861.12,848.64,850.56
2020-01-17,850.56,867.84,848.0,852.48
2020-01-21,864.0,865.28,841.6,859.52
2020-01-22,842.88,866.56,842.88,866.56
2020-01-23,880.0,894.08,860.8,863.36
2020-01-24,849.28,929.92,845.44,911.36
2020-01-27,990.08,1006.72,967.68,1005.44
2020-01-28,981.12,988.8,944.64,949.12
2020-01-29,932.48,965.76,922.88,950.4
2020-01-30,986.88,1008.0,934.4,934.4
2020-01-31,954.24,1068.8,954.24,1036.8
2020-02-03,1010.56,1025.28,974.08,997.12
2020-02-04,954.24,960.64,935.04,949.12
2020-02-05,914.56,942.72,908.8,908.8
2020-02-06,901.12,920.32,896.0,901.76
2020-02-07,928.0,938.88,905.6,920.32
2020-02-10,928.64,928.64,898.56,902.4
2020-02-11,888.32,907.52,883.2,903.68
2020-02-12,887.04,891.52,856.32,857.6
2020-02-13,885.76,894.016,865.92,876.16
2020-02-14,867.84,884.16,862.08,865.28
2020-02-18,881.92,897.92,868.48,880.64
2020-02-19,864.64,874.24,858.88,867.84
2020-02-20,871.04,927.36,864.0,898.56
2020-02-21,926.72,979.2,917.76,953.6
2020-02-24,1098.24,1136.0,1046.4,1130.88
2020-02-25,1091.84,1270.4,1083.52,1237.76
2020-02-26,1198.08,1256.96,1156.48,1211.52
2020-02-27,1321.6,1408.0,1287.04,1408.0
2020-02-28,1581.4399,1600.0,1451.52,1459.84
2020-03-02,1420.8,1510.72,1402.24,1409.92
2020-03-03,1404.8,1605.12,1349.4399,1564.8
2020-03-04,1497.6,1554.5601,1455.36,1472.0
2020-03-05,1611.52,1771.52,1576.96,1707.52
2020-03-06,2026.24,2091.52,1871.36,1908.48
2020-03-09,2601.6001,2634.8799,2250.24,2365.4399
2020-03-10,2112.0,2378.24,2097.28,2183.04
2020-03-11,2357.76,2524.8,2326.3999,2474.24
2020-03-12,2886.3999,3121.9199,2659.2,3031.04
2020-03-13,2695.6799,3163.52,2689.28,2764.8
2020-03-16,3520.0,3966.0801,3298.5601,3789.4399
2020-03-17,3685.1201,4007.6799,3470.72,3744.6399
2020-03-18,4220.7998,5045.7598,3958.3999,4416.0
2020-03-19,4723.2002,4921.6001,3577.6001,3968.0
2020-03-20,3800.3201,4037.1201,3361.28,3875.2
2020-03-23,3671.6799,3778.5601,3152.0,3272.3201
2020-03-24,2679.04,3055.3601,2528.0,3017.6001
2020-03-25,3083.52,3370.8799,3050.8799,3257.6001
2020-03-26,3145.6001,3181.4399,2919.04,2919.6799
2020-03-27,3221.76,3246.0801,3098.24,3238.3999
2020-03-30,3233.28,3321.6001,3109.1201,3112.3201
2020-03-31,3136.0,3152.6399,2906.8799,2960.0
2020-04-01,3162.8799,3256.96,3011.8401,3214.0801
2020-04-02,3173.1201,3225.6001,3021.1201,3031.04
2020-04-03,3008.0,3062.3999,2880.0,2908.8
2020-04-06,2695.04,2756.48,2657.28,2701.4399
2020-04-07,2618.24,2794.24,2609.9199,2778.24
2020-04-08,2741.76,2798.0801,2682.8799,2713.6001
2020-04-09,2696.3201,2744.96,2648.0,2660.48
2020-04-13,2643.2,2715.52,2599.6799,2605.4399
2020-04-14,2457.6001,2471.6799,2368.0,2394.24
2020-04-15,2560.0,2651.52,2516.8,2586.24
2020-04-16,2613.76,2683.52,2581.1201,2607.3601
2020-04-17,2499.8401,2586.8799,2483.8401,2499.2
2020-04-20,2634.8799,2752.0,2568.3201,2741.76
2020-04-21,2946.5601,3081.6001,2926.0801,2970.8799
2020-04-22,2862.0801,2917.1201,2797.4399,2828.1599
2020-04-23,2782.72,2872.3201,2732.8,2819.8401
2020-04-24,2762.8799,2803.2,2653.5039,2657.28
2020-04-27,2589.4399,2590.0801,2426.24,2461.4399
2020-04-28,2374.3999,2532.2241,2365.4399,2500.48
2020-04-29,2359.04,2368.6399,2294.3999,2349.1201
2020-04-30,2399.3601,2510.0801,2396.1599,2423.6799
2020-05-01,2630.3999,2692.48,2579.8401,2636.1599
2020-05-04,2725.1201,2752.0,2571.52,2576.6399
2020-05-05,2476.8,2492.8,2403.8401,2474.8799
2020-05-06,2430.72,2513.6001,2413.248,2509.4399
2020-05-07,2424.3201,2438.0801,2379.52,2398.0801
2020-05-08,2333.4399,2350.72,2236.8,2236.8
2020-05-11,2296.96,2302.3999,2080.0,2087.6799
2020-05-12,2024.192,2304.0,2010.88,2297.6001
2020-05-13,2325.76,2634.24,2277.76,2537.6001
2020-05-14,2660.48,2743.04,2398.0801,2398.0801
2020-05-15,2512.0,2557.4399,2342.3999,2342.3999
2020-05-18,2182.3999,2234.8799,2163.8401,2191.3601
2020-05-19,2203.52,2310.3999,2154.8799,2305.9199
2020-05-20,2199.04,2245.76,2156.8,2156.8
2020-05-21,2164.48,2264.3201,2134.3999,2219.52
2020-05-22,2233.6001,2267.52,2188.8,2198.3999
2020-05-26,2094.72,2182.72,2087.6799,2165.1201
2020-05-27,2109.4399,2262.3999,2105.28,2121.6001
2020-05-28,2147.8401,2226.9441,2120.6399,2206.72
2020-05-29,2218.24,2258.5601,2120.3201,2120.3201
2020-06-01,2179.8401,2188.1599,2126.72,2138.8799
2020-06-02,2126.0801,2153.792,2077.4399,2079.3601
2020-06-03,2040.3199,2050.5601,1980.16,1989.76
2020-06-04,2002.5601,2021.12,1915.52,1973.76
2020-06-05,1853.4399,1893.12,1845.12,1866.88
2020-06-08,1857.28,1927.04,1853.4399,1908.48
2020-06-09,1964.16,2016.1281,1949.4399,2001.28
2020-06-10,2016.0,2054.3999,1913.6,1992.3199
2020-06-11,2212.48,2707.2,2120.3201,2663.04
2020-06-12,2457.6001,2881.9199,2394.8799,2477.4399
2020-06-15,2702.0801,2791.6799,2391.6799,2414.0801
2020-06-16,2257.9199,2496.7681,2239.3601,2359.6799
2020-06-17,2341.1201,2433.28,2329.6001,2366.72
2020-06-18,2402.5601,2427.52,2321.9199,2323.8401
2020-06-19,2268.1599,2440.3201,2249.6001,2360.96
2020-06-22,2377.6001,2408.96,2238.72,2245.76
2020-06-23,2145.28,2221.4399,2138.752,2204.8
2020-06-24,2284.8,2453.76,2220.1599,2350.0801
2020-06-25,2389.1201,2440.3201,2256.0,2264.96
2020-06-26,2268.8,2427.52,2260.48,2400.0
2020-06-29,2360.3201,2438.272,2279.6799,2283.52
2020-06-30,2303.7439,2310.3359,2150.3999,2172.8
2020-07-01,2135.6799,2170.24,2090.24,2104.96
2020-07-02,2019.2,2085.1201,1985.92,2068.48
2020-07-06,2001.28,2089.9199,1996.16,2065.9199
2020-07-07,2083.2,2144.0,2026.5601,2136.96
2020-07-08,2104.96,2173.4399,2077.4399,2083.2
2020-07-09,2085.76,2208.6399,2069.1201,2115.8401
2020-07-10,2129.9199,2174.592,2056.3201,2057.6001
2020-07-13,2035.84,2264.96,2030.72,2255.3601
2020-07-14,2257.28,2304.6399,2119.6799,2125.4399
2020-07-15,2062.0801,2155.52,2056.3201,2064.6399
2020-07-16,2116.48,2116.48,2022.4,2032.64
2020-07-17,2011.52,2030.72,1956.48,1959.6801
2020-07-20,1934.08,1944.96,1838.72,1870.72
2020-07-21,1824.0,1910.4,1801.6,1887.36
2020-07-22,1897.6,1925.824,1864.3199,1866.24
2020-07-23,1849.6,1963.52,1836.8,1924.48
2020-07-24,1985.28,2013.12,1928.96,1930.88
2020-07-27,1906.5601,1931.84,1873.28,1877.76
2020-07-28,1877.12,1893.12,1806.72,1866.88
2020-07-29,1841.28,1861.76,1818.88,1828.48
2020-07-30,1911.04,2001.28,1856.0,1868.8
2020-07-31,1818.88,1915.52,1816.3199,1825.28
2020-08-03,1811.84,1840.512,1799.04,1821.4399
2020-08-04,1815.04,1815.04,1761.92,1767.6801
2020-08-05,1739.52,1765.12,1724.8,1730.5601
2020-08-06,1735.04,1749.12,1705.6,1711.36
2020-08-07,1731.84,1736.96,1681.28,1697.92
2020-08-10,1672.96,1699.2,1642.24,1648.0
2020-08-11,1609.6,1736.96,1601.92,1724.8
2020-08-12,1659.52,1665.92,1620.16,1633.92
2020-08-13,1642.88,1654.4,1593.6,1632.64
2020-08-14,1646.72,1660.16,1619.84,1628.16
2020-08-17,1592.96,1606.4,1562.88,1573.76
2020-08-18,1560.3199,1595.52,1542.4,1557.12
2020-08-19,1544.3199,1596.16,1532.8,1585.28
2020-08-20,1647.36,1653.76,1561.6,1568.0
2020-08-21,1596.16,1602.5601,1567.04,1576.3199
2020-08-24,1532.8,1586.24,1528.3199,1569.28
2020-08-25,1574.4,1620.8,1550.72,1560.96
2020-08-26,1551.36,1605.76,1512.96,1595.52
2020-08-27,1580.16,1772.8,1563.52,1646.08
2020-08-28,1665.28,1735.04,1610.24,1637.12
2020-08-31,1683.2,1733.76,1643.52,1718.4
2020-09-01,1718.4,1757.4399,1704.96,1745.28
2020-09-02,1743.36,1806.72,1736.3199,1788.16
2020-09-03,1812.48,2096.6399,1747.4561,2029.4399
2020-09-04,1978.24,2181.1201,1826.5601,1850.88
2020-09-08,1999.36,2016.0,1802.24,1809.92
2020-09-09,1763.9041,1782.4,1686.4,1717.12
2020-09-10,1701.76,1777.92,1687.04,1736.3199
2020-09-11,1688.96,1739.52,1631.36,1633.28
2020-09-14,1610.88,1628.8,1581.4399,1604.48
2020-09-15,1588.48,1631.36,1580.16,1601.92
2020-09-16,1591.6801,1600.0,1553.6,1597.4399
2020-09-17,1646.72,1651.84,1553.92,1560.96
2020-09-18,1549.4399,1598.72,1514.88,1559.6801
2020-09-21,1625.6,1705.6,1602.88,1610.24
2020-09-22,1607.6801,1666.5601,1607.04,1623.04
2020-09-23,1617.28,1710.08,1609.6,1708.8
2020-09-24,1710.72,1728.0,1647.36,1676.16
2020-09-25,1678.08,1690.88,1624.3199,1634.5601
2020-09-28,1621.12,1641.6,1616.64,1623.04
2020-09-29,1630.08,1632.0,1571.52,1596.16
2020-09-30,1575.04,1611.52,1554.5601,1593.6
2020-10-01,1575.04,1625.6,1575.04,1600.64
2020-10-02,1683.84,1688.3199,1618.5601,1649.92
2020-10-05,1633.92,1651.2,1585.6,1598.08
2020-10-06,1584.64,1634.5601,1554.688,1620.48
2020-10-07,1589.12,1595.52,1555.84,1567.36
2020-10-08,1549.4399,1558.4,1501.4399,1504.64
2020-10-09,1459.84,1460.48,1425.92,1426.5601
2020-10-12,1401.6,1426.5601,1393.92,1398.4
2020-10-13,1414.4,1445.76,1405.4399,1417.6
2020-10-14,1404.8,1424.64,1381.12,1402.88
2020-10-15,1466.24,1478.4,1410.5601,1415.04
2020-10-16,1413.12,1425.28,1391.36,1425.28
2020-10-19,1417.6,1496.3199,1415.04,1487.36
2020-10-20,1477.12,1495.04,1463.6801,1486.72
2020-10-21,1478.4,1498.24,1442.048,1451.52
2020-10-22,1448.96,1461.76,1404.16,1417.6
2020-10-23,1411.84,1450.24,1409.28,1418.88
2020-10-26,1452.8,1572.48,1438.08,1546.88
2020-10-27,1546.752,1580.16,1520.0,1553.28
2020-10-28,1670.4,1777.152,1649.28,1774.72
2020-10-29,1738.88,1773.4399,1596.16,1648.0
2020-10-30,1675.52,1728.64,1649.28,1697.92
2020-11-02,1621.12,1683.2,1616.0,1660.16
2020-11-03,1609.6,1619.84,1548.16,1568.64
2020-11-04,1504.0,1507.84,1420.8,1430.4
2020-11-05,1384.96,1422.72,1372.16,1406.72
2020-11-06,1395.2,1396.48,1312.64,1313.28
2020-11-09,1221.12,1287.04,1166.08,1284.48
2020-11-10,1252.48,1299.2,1242.88,1246.08
2020-11-11,1225.6,1241.6,1192.3199,1215.36
2020-11-12,1233.792,1328.0,1220.48,1301.12
2020-11-13,1257.6,1258.88,1200.0,1221.12
2020-11-16,1191.04,1235.2,1186.5601,1186.5601
2020-11-17,1215.36,1222.4,1168.64,1171.2
2020-11-18,1159.04,1216.0,1146.88,1205.76
2020-11-19,1202.5601,1220.48,1173.12,1192.96
2020-11-20,1191.6801,1195.52,1167.36,1190.4
2020-11-23,1174.4,1198.4,1154.5601,1175.04
2020-11-24,1150.72,1175.36,1148.16,1155.2
2020-11-25,1156.48,1171.84,1111.04,1112.96
2020-11-27,1104.0,1128.832,1094.4,1120.64
2020-11-30,1124.48,1162.88,1097.6,1099.52
2020-12-01,1088.64,1114.88,1081.6,1110.4
2020-12-02,1112.3199,1112.3199,1080.96,1104.64
2020-12-03,1091.2,1124.16,1088.0,1114.88
2020-12-04,1101.4399,1102.08,1084.8,1095.04
2020-12-07,1106.5601,1112.64,1095.6801,1101.4399
2020-12-08,1108.48,1110.08,1061.76,1061.76
2020-12-09,1050.24,1110.4,1041.92,1100.8
2020-12-10,1109.76,1118.08,1080.64,1111.04
2020-12-11,1138.5601,1182.72,1121.28,1152.0
2020-12-14,1114.88,1182.72,1104.64,1178.24
2020-12-15,1151.36,1164.8,1122.5601,1123.84
2020-12-16,1121.28,1133.4399,1086.08,1087.36
2020-12-17,1089.28,1095.6801,1063.6801,1072.0
2020-12-18,1080.3199,1124.48,1079.6801,1093.12
2020-12-21,1201.92,1246.08,1155.84,1180.16
2020-12-22,1166.72,1182.72,1152.64,1159.04
2020-12-23,1134.08,1136.96,1091.84,1112.3199
2020-12-24,1096.3199,1096.96,1080.0,1080.3199
2020-12-28,1064.3199,1077.76,1059.84,1076.48
2020-12-29,1061.12,1136.64,1059.84,1115.52
2020-12-30,1110.4,1115.52,1071.36,1075.2
2020-12-31,1073.92,1092.48,1053.4399,1074.5601
2021-01-04,1073.28,1203.2,1072.0,1168.0
2021-01-05,1196.16,1197.4399,1119.04,1128.96
2021-01-06,1118.08,1152.0,1058.5601,1123.2
2021-01-07,1075.2,1079.6801,1056.0,1056.0
2021-01-08,1049.6,1084.16,1038.7841,1046.4
2021-01-11,1084.8,1113.6,1068.16,1109.76
2021-01-12,1084.8,1116.8,1068.8,1072.0
2021-01-13,1071.36,1079.04,1045.76,1055.36
2021-01-14,1046.4,1073.28,1032.96,1067.52
2021-01-15,1083.52,1120.0,1067.52,1095.04
2021-01-19,1068.16,1083.52,1057.92,1064.3199
2021-01-20,1050.24,1065.6,1038.08,1043.84
2021-01-21,1044.48,1061.12,1033.6,1035.52
2021-01-22,1061.12,1067.2,1036.8,1049.6
2021-01-25,1059.2,1137.6,1052.16,1091.84
2021-01-26,1072.64,1100.8,1027.2,1100.8
2021-01-27,1130.88,1315.84,1128.96,1296.0
2021-01-28,1240.3199,1297.92,1204.48,1266.5601
2021-01-29,1298.5601,1392.64,1228.16,1349.12
2021-02-01,1285.76,1362.5601,1254.72,1272.3199
2021-02-02,1210.24,1213.4399,1152.0,1164.16
2021-02-03,1138.5601,1155.84,1102.08,1104.0
2021-02-04,1080.3199,1082.88,1056.0,1056.0
2021-02-05,1050.88,1075.84,1050.24,1054.08
2021-02-08,1048.3199,1064.3199,1045.12,1045.12
2021-02-09,1059.84,1066.88,1036.16,1049.6
2021-02-10,1042.5601,1097.6,1040.64,1066.88
2021-02-11,1053.4399,1090.5601,1040.64,1041.92
2021-02-12,1051.52,1051.52,1005.44,1007.36
2021-02-16,1011.84,1029.76,998.4,1018.24
2021-02-17,1034.24,1051.52,993.92,997.12
2021-02-18,1025.28,1038.08,992.0,1002.24
2021-02-19,993.28,996.16,954.88,966.4
2021-02-22,998.4,1007.36,969.6,1006.72
2021-02-23,1012.48,1062.4,963.84,965.12
2021-02-24,990.72,1000.96,924.16,926.72
2021-02-25,947.2,1100.8,931.2,1074.5601
2021-02-26,1029.184,1106.5601,1001.6,1025.92
2021-03-01,965.12,965.12,937.6,949.76
2021-03-02,951.68,963.136,938.24,958.08
2021-03-03,951.04,1001.6,942.72,999.04
2021-03-04,987.52,1085.504,965.12,1041.28
2021-03-05,1001.6,1071.36,964.48,967.68
2021-03-08,969.6,993.28,949.12,984.96
2021-03-09,957.44,961.92,933.76,945.28
2021-03-10,919.68,940.48,919.68,933.12
2021-03-11,918.4,920.32,903.68,910.08
2021-03-12,926.72,929.92,892.8,892.8
2021-03-15,890.24,896.96,839.04,842.24
2021-03-16,840.96,843.52,817.28,842.24
2021-03-17,851.2,856.0,804.48,805.76
2021-03-18,823.04,858.24,806.4,850.56
2021-03-19,845.44,867.84,812.8,817.28
2021-03-22,807.68,812.16,758.4,764.16
2021-03-23,769.92,814.4,766.72,800.0
2021-03-24,783.36,807.68,767.36,807.04
2021-03-25,812.16,851.2,778.24,782.72
2021-03-26,768.64,799.36,742.4,751.36
2021-03-29,768.64,791.68,760.96,768.64
2021-03-30,768.64,777.6,734.72,735.36
2021-03-31,728.32,745.6,716.16,729.6
2021-04-01,720.0,724.48,702.08,707.2
2021-04-05,685.44,697.28,682.88,689.28
2021-04-06,688.64,694.08,677.12,689.28
2021-04-07,689.28,691.52,668.16,671.36
2021-04-08,661.76,668.16,654.72,661.12
2021-04-09,666.88,671.04,648.96,659.84
2021-04-12,664.96,677.76,650.24,650.24
2021-04-13,650.88,653.44,640.0,645.76
2021-04-14,648.32,663.68,642.56,659.84
2021-04-15,643.84,647.04,634.24,638.08
2021-04-16,637.44,642.56,622.72,627.84
2021-04-19,632.96,668.8,630.4,650.88
2021-04-20,659.2,687.36,653.44,665.6
2021-04-21,668.8,677.12,626.56,629.76
2021-04-22,629.12,680.96,625.28,668.8
2021-04-23,661.92,665.28,628.48,642.72
2021-04-26,636.32,646.848,634.112,637.12
2021-04-27,633.44,643.84,621.44,624.16
2021-04-28,621.44,630.24,615.84,621.92
2021-04-29,610.4,642.72,608.0,617.12
2021-04-30,630.56,648.48,622.88,642.56
2021-05-03,627.2,633.92,619.2,620.0
2021-05-04,636.0,678.24,631.36,643.36
2021-05-05,632.0,646.8,615.68,627.04
2021-05-06,628.8,654.08,621.2,623.2
2021-05-07,622.72,624.48,585.2,587.84
2021-05-10,586.88,614.4,576.64,613.6
2021-05-11,648.48,674.4,628.8,659.36
2021-05-12,684.48,799.2,682.56,774.32
2021-05-13,730.88,731.36,679.04,700.0
2021-05-14,663.52,664.0,611.52,617.68
2021-05-17,629.92,662.56,618.4,637.92
2021-05-18,630.08,649.76,614.72,647.2
2021-05-19,689.76,741.12,672.88,677.6
2021-05-20,658.88,668.16,633.6,639.84
2021-05-21,629.28,640.32,621.6,631.68
2021-05-24,618.72,619.68,596.8,603.68
2021-05-25,599.52,613.6,598.0,603.2
2021-05-26,594.24,596.32,572.0,574.4
2021-05-27,568.0,568.32,542.88,546.56
2021-05-28,541.12,556.0,538.56,555.2
2021-06-01,541.6,569.12,538.88,568.48
2021-06-02,561.92,567.2,545.76,553.76
2021-06-03,570.816,578.88,555.552,564.0
2021-06-04,546.08,546.08,532.0,534.24
2021-06-07,533.76,539.2,523.52,524.64
2021-06-08,521.6,542.08,520.32,530.24
2021-06-09,524.96,542.56,524.16,538.88
2021-06-10,524.64,527.68,506.24,507.68
2021-06-11,496.96,498.56,489.28,493.12
2021-06-14,491.68,507.04,490.08,497.76
2021-06-15,500.0,512.48,497.6,508.64
2021-06-16,501.92,526.864,492.96,513.12
2021-06-17,514.56,521.36,492.4,510.24
2021-06-18,534.24,558.08,520.0,555.04
2021-06-21,535.2,551.68,512.64,520.64
2021-06-22,523.84,526.56,493.76,493.92
2021-06-23,487.52,489.92,479.52,484.64
2021-06-24,472.32,478.08,470.72,475.2
2021-06-25,472.96,478.4,466.4,466.4
2021-06-28,463.68,474.08,461.44,466.4
2021-06-29,463.84,477.44,462.08,476.32
2021-06-30,479.84,482.88,466.88,471.36
2021-07-01,466.4,470.688,462.432,463.68
2021-07-02,452.32,465.68,449.12,462.56
2021-07-06,458.56,487.2,458.08,473.12
2021-07-07,468.0,490.08,467.04,474.08
2021-07-08,515.84,519.52,496.48,504.8
2021-07-09,489.44,492.64,468.48,470.88
2021-07-12,472.16,474.56,464.48,467.84
2021-07-13,468.0,475.2,457.76,473.44
2021-07-14,462.24,479.36,458.4,462.56
2021-07-15,474.88,480.32,466.24,469.28
2021-07-16,459.04,489.92,456.16,488.8
2021-07-19,516.96,592.64,512.0,558.56
2021-07-20,554.24,563.68,504.48,511.52
2021-07-21,499.84,501.76,477.92,479.04
2021-07-22,481.92,495.04,475.2,487.52
2021-07-23,477.12,487.04,475.84,485.28
2021-07-26,491.04,496.96,477.6,477.6
2021-07-27,488.16,518.88,488.16,493.76
2021-07-28,488.64,502.72,472.64,479.84
2021-07-29,477.6,477.6,468.56,471.84
2021-07-30,488.8,489.6,472.32,483.36
2021-08-02,478.08,504.64,476.0,502.08
2021-08-03,494.08,507.36,476.8,476.96
2021-08-04,485.92,487.84,471.68,476.32
2021-08-05,472.0,472.64,464.16,464.8
2021-08-06,460.16,463.12,452.16,452.8
2021-08-09,451.68,456.8,444.32,448.16
2021-08-10,442.08,446.88,435.68,440.48
2021-08-11,436.96,440.48,426.56,428.48
2021-08-12,431.36,432.8,415.04,419.84
2021-08-13,413.92,422.24,412.08,420.48
2021-08-16,430.88,439.68,421.12,421.12
2021-08-17,434.72,456.96,428.32,435.2
2021-08-18,441.28,469.04,434.88,465.12
2021-08-19,486.56,494.4,462.88,480.24
2021-08-20,472.96,475.36,440.48,444.16
2021-08-23,431.84,431.936,421.76,428.96
2021-08-24,426.88,430.8,424.48,427.36
2021-08-25,425.92,428.16,416.64,418.08
2021-08-26,424.0,441.28,420.32,436.0
2021-08-27,429.44,429.6,410.4,413.6
2021-08-30,408.64,414.24,406.72,409.44
2021-08-31,412.0,415.52,407.12,407.84
2021-09-01,405.28,408.8,394.4,397.12
2021-09-02,393.12,404.16,392.16,396.32
2021-09-03,403.2,406.88,395.68,399.04
2021-09-07,401.92,412.656,401.44,408.8
2021-09-08,416.64,423.2,407.04,408.16
2021-09-09,411.52,418.72,399.36,416.8
2021-09-10,402.4,435.52,398.72,432.96
2021-09-13,414.24,436.96,412.16,417.44
2021-09-14,411.2,430.4,408.16,423.36
2021-09-15,415.52,424.64,403.84,406.88
2021-09-16,409.28,418.88,398.48,402.88
2021-09-17,404.8,430.4,402.08,428.96
2021-09-20,462.72,518.56,452.0,475.84
2021-09-21,462.4,486.08,451.36,461.76
2021-09-22,446.72,452.96,423.84,433.12
2021-09-23,419.2,419.984,404.08,405.76
2021-09-24,415.68,416.48,392.48,393.28
2021-09-27,395.84,400.8,389.92,397.12
2021-09-28,413.92,447.68,410.08,438.56
2021-09-29,435.84,448.64,430.56,444.96
2021-09-30,433.12,453.2,423.04,445.28
2021-10-01,435.68,451.04,418.4,429.12
2021-10-04,429.6,456.0,425.76,441.12
2021-10-05,437.44,440.8,416.64,424.8
2021-10-06,435.04,452.48,418.4,419.36
2021-10-07,412.32,412.32,402.88,404.16
2021-10-08,399.2,403.04,393.6,396.64
2021-10-11,400.0,402.24,386.4,401.92
2021-10-12,395.52,403.04,389.44,393.76
2021-10-13,391.68,400.16,385.12,386.24
2021-10-14,373.76,375.84,364.64,364.96
2021-10-15,361.76,367.04,354.88,364.64
2021-10-18,370.4,371.36,357.28,357.92
2021-10-19,355.52,358.72,352.0,354.4
2021-10-20,355.2,356.16,349.28,351.2
2021-10-21,353.44,355.12,339.04,339.52
2021-10-22,340.8,355.2,336.96,347.2
2021-10-25,344.0,350.56,336.48,336.96
2021-10-26,333.28,350.96,332.64,343.52
2021-10-27,342.08,352.64,334.24,351.2
2021-10-28,345.12,346.72,339.072,340.32
2021-10-29,348.8,349.76,340.16,343.04
2021-11-01,339.84,350.4,336.88,337.6
2021-11-02,336.64,336.96,328.32,328.48
2021-11-03,329.44,331.68,314.24,317.12
2021-11-04,313.6,326.24,311.52,320.8
2021-11-05,318.4,334.88,317.12,333.28
2021-11-08,328.16,340.0,327.04,333.76
2021-11-09,336.48,347.68,335.68,339.36
2021-11-10,346.4,353.76,333.28,345.6
2021-11-11,337.6,341.52,330.88,338.24
2021-11-12,332.16,335.2,324.48,325.76
2021-11-15,321.76,332.8,321.6,321.92
2021-11-16,324.32,324.8,317.76,323.04
2021-11-17,322.08,329.6,319.84,328.32
2021-11-18,324.8,335.68,323.52,331.36
2021-11-19,332.96,339.2,328.16,335.36
2021-11-22,328.16,342.72,326.08,341.28
2021-11-23,341.44,348.0,331.52,333.6
2021-11-24,341.6,347.84,326.72,328.8
2021-11-26,367.52,423.04,362.0,418.56
2021-11-29,370.56,373.76,346.16,352.8
2021-11-30,375.84,408.32,368.48,407.36
2021-12-01,378.08,437.92,364.08,436.8
2021-12-02,423.52,431.2,402.72,411.52
2021-12-03,408.0,482.4,404.8,447.36
2021-12-06,431.52,446.88,410.24,412.48
2021-12-07,388.48,388.64,361.6,366.4
2021-12-08,363.2,368.48,344.32,344.32
2021-12-09,345.44,362.24,339.84,355.2
2021-12-10,338.24,349.44,331.68,332.48
2021-12-13,335.68,349.6,334.88,346.24
2021-12-14,357.6,368.128,347.68,350.88
2021-12-15,354.08,368.16,325.6,326.88
2021-12-16,320.96,351.6,319.36,340.64
2021-12-17,353.76,361.92,337.92,351.52
2021-12-20,384.0,397.92,361.6,364.48
2021-12-21,352.48,360.96,342.56,346.56
2021-12-22,345.76,345.76,326.24,326.56
2021-12-23,323.2,324.48,319.2,322.88
2021-12-27,320.32,324.64,313.6,315.2
2021-12-28,313.44,316.8,306.72,307.36
2021-12-29,306.88,310.24,296.8,299.36
2021-12-30,297.76,302.0,292.64,299.36
2021-12-31,298.4,301.76,293.92,296.48
2022-01-03,292.48,298.4,285.76,286.4
2022-01-04,284.16,294.72,283.36,286.08
2022-01-05,288.32,308.96,281.6,308.64
2022-01-06,309.92,315.2,300.88,310.08
2022-01-07,309.12,317.76,299.68,301.12
2022-01-10,312.64,329.68,294.56,295.52
2022-01-11,299.52,305.92,284.32,285.12
2022-01-12,281.44,287.68,276.72,282.08
2022-01-13,281.28,302.24,278.4,299.84
2022-01-14,309.92,311.44,292.72,295.2
2022-01-18,308.0,320.64,307.36,318.24
2022-01-19,311.52,328.64,310.0,325.76
2022-01-20,317.76,342.24,305.28,339.84
2022-01-21,345.6,371.68,338.4,371.2
2022-01-24,400.16,445.44,372.336,379.52
2022-01-25,405.28,420.16,370.4,381.76
2022-01-26,364.8,397.84,348.16,389.12
2022-01-27,369.6,402.08,362.16,391.84
2022-01-28,383.84,400.64,365.28,367.2
2022-01-31,371.36,374.4,342.56,342.56
2022-02-01,336.16,345.92,316.72,317.44
2022-02-02,315.36,323.68,308.8,310.72
2022-02-03,330.24,351.52,321.52,348.48
2022-02-04,344.32,354.56,324.8,336.0
2022-02-07,328.0,331.84,319.52,326.72
2022-02-08,323.52,329.392,310.56,312.0
2022-02-09,303.04,306.4,299.36,299.36
2022-02-10,315.68,335.44,300.48,327.36
2022-02-11,327.52,381.92,324.72,371.84
2022-02-14,372.96,396.8,368.16,372.96
2022-02-15,346.88,355.52,341.28,342.24
2022-02-16,347.2,354.24,327.36,328.48
2022-02-17,347.36,369.44,345.92,367.36
2022-02-18,370.88,385.12,364.8,375.2
2022-02-22,380.64,393.92,366.08,373.76
2022-02-23,363.68,396.32,362.4,395.2
2022-02-24,438.4,439.2,380.32,382.8
2022-02-25,379.52,387.2,361.92,367.2
2022-02-28,395.2,399.52,376.8,384.0
2022-03-01,394.4,431.52,389.12,426.72
2022-03-02,420.96,423.84,395.2,399.36
2022-03-03,394.88,412.32,389.44,401.76
2022-03-04,423.84,437.12,416.4,419.2
2022-03-07,420.8,456.48,420.16,455.84
2022-03-08,452.16,469.76,426.88,450.4
2022-03-09,427.12,435.52,419.2,432.48
2022-03-10,438.4,440.48,412.96,413.28
2022-03-11,400.48,422.88,399.84,421.44
2022-03-14,419.36,492.0,407.2,460.96
2022-03-15,494.24,666.4,459.2,459.2
2022-03-16,472.64,474.72,414.24,415.2
2022-03-17,422.4,440.64,412.8,418.4
2022-03-18,438.08,446.08,394.24,400.0
2022-03-21,396.64,421.12,382.24,416.16
2022-03-22,408.64,410.4,391.68,407.12
2022-03-23,414.4,415.84,391.68,407.84
2022-03-24,400.32,416.48,396.0,403.2
2022-03-25,400.8,412.48,399.04,403.2
2022-03-28,411.52,487.52,406.4,411.68
2022-03-29,401.6,407.84,387.52,397.6
2022-03-30,404.48,412.96,396.48,400.0
2022-03-31,405.28,416.32,403.36,411.2
2022-04-01,409.12,414.24,400.0,400.48
2022-04-04,400.16,404.48,383.84,390.88
2022-04-05,393.6,414.24,386.736,396.96
2022-04-06,416.16,423.52,389.6,390.08
2022-04-07,394.88,399.2,384.16,384.8
2022-04-08,389.6,400.0,379.44,394.72
2022-04-11,406.08,417.6,396.0,417.6
2022-04-12,402.88,421.92,395.2,411.84
2022-04-13,412.0,416.32,392.48,393.44
2022-04-14,392.32,401.12,386.4,399.84
2022-04-18,402.4,409.424,397.44,404.96
2022-04-19,401.28,403.84,391.36,395.68
2022-04-20,389.76,402.72,388.96,390.24
2022-04-21,387.2,403.52,384.16,397.76
2022-04-22,397.92,424.0,396.96,418.4
2022-04-25,425.6,431.52,396.8,396.8
2022-04-26,403.68,434.56,403.36,421.6
2022-04-27,416.16,436.0,408.16,435.2
2022-04-28,414.4,443.36,408.0,416.64
2022-04-29,424.16,450.4,417.44,443.36
2022-05-02,462.24,468.48,440.0,440.0
2022-05-03,434.24,444.96,428.32,432.8
2022-05-04,425.28,429.44,397.6,397.6
2022-05-05,400.96,441.28,400.96,432.0
2022-05-06,438.4,455.36,426.24,433.12
2022-05-09,453.28,459.04,437.12,448.16
2022-05-10,428.8,454.88,424.8,432.88
2022-05-11,434.4,443.2,416.48,436.48
2022-05-12,439.36,451.04,425.28,430.88
2022-05-13,420.32,423.68,412.32,415.52
2022-05-16,416.0,419.04,390.4,395.04
2022-05-17,385.12,411.84,385.12,396.64
2022-05-18,404.8,423.52,392.32,417.44
2022-05-19,420.64,429.76,404.48,405.68
2022-05-20,398.4,424.0,395.6,400.8
2022-05-23,396.96,410.08,373.28,384.96
2022-05-24,390.4,400.0,382.72,384.48
2022-05-25,390.4,391.2,369.6,378.4
2022-05-26,374.24,374.72,366.24,372.16
2022-05-27,363.52,365.92,355.2,359.36
2022-05-31,364.8,368.768,355.2,360.96
2022-06-01,354.4,371.2,351.36,356.16
2022-06-02,358.24,360.64,347.2,347.2
2022-06-03,354.56,362.736,349.44,350.24
2022-06-06,345.76,359.2,344.24,352.48
2022-06-07,352.16,357.44,345.76,346.72
2022-06-08,348.0,351.36,342.4,348.8
2022-06-09,348.0,373.44,345.12,370.08
2022-06-10,372.8,385.6,367.68,373.28
2022-06-13,394.08,420.64,392.32,413.44
2022-06-14,409.28,416.96,400.32,405.28
2022-06-15,396.8,400.8,370.576,383.52
2022-06-16,399.36,417.44,396.64,406.4
2022-06-17,402.4,409.44,390.56,394.56
2022-06-21,381.6,392.0,378.08,392.0
2022-06-22,397.6,398.544,376.48,381.44
2022-06-23,374.72,383.04,366.08,374.4
2022-06-24,369.44,372.0,364.8,369.92
2022-06-27,366.24,370.72,360.0,361.6
2022-06-28,356.0,368.96,354.72,364.48
2022-06-29,368.0,373.6,361.52,365.44
2022-06-30,372.0,380.32,364.48,369.28
2022-07-01,370.88,376.64,358.56,360.64
2022-07-05,370.24,376.32,360.32,360.8
2022-07-06,361.28,367.04,354.56,354.56
2022-07-07,353.92,357.28,348.32,357.28
2022-07-08,356.8,356.8,349.04,351.84
2022-07-11,355.68,360.8,350.88,355.36
2022-07-12,356.8,363.52,351.36,359.68
2022-07-13,365.76,368.48,354.56,358.56
2022-07-14,367.84,368.96,356.8,357.12
2022-07-15,351.68,353.92,341.92,344.64
2022-07-18,339.84,352.64,337.92,350.56
2022-07-19,343.68,349.6,341.6,349.6
2022-07-20,347.84,348.4,342.08,345.12
2022-07-21,345.28,348.0,338.24,339.2
2022-07-22,337.76,350.08,336.8,342.4
2022-07-25,320.96,338.72,320.64,338.4
2022-07-26,343.04,349.52,339.52,346.72
2022-07-27,339.2,343.52,335.52,340.96
2022-07-28,338.56,345.44,331.2,333.12
2022-07-29,335.04,339.2,331.68,335.04
2022-08-01,343.68,348.8,336.0,348.8
2022-08-02,350.88,352.32,340.32,346.4
2022-08-03,340.32,352.64,336.32,351.2
2022-08-04,354.4,354.4,341.12,341.12
2022-08-05,349.12,351.36,340.96,344.0
2022-08-08,341.6,358.72,341.6,353.12
2022-08-09,357.12,358.08,348.96,351.04
2022-08-10,344.8,351.68,342.72,343.04
2022-08-11,343.04,349.76,337.28,347.04
2022-08-12,345.12,352.8,345.12,352.8
2022-08-15,356.48,356.48,338.4,343.84
2022-08-16,341.92,343.84,337.12,340.64
2022-08-17,344.0,346.72,336.32,337.6
2022-08-18,338.4,340.16,337.44,338.24
2022-08-19,341.6,344.0,338.4,338.56
2022-08-22,345.92,346.4,336.32,339.52
2022-08-23,337.92,339.04,320.96,322.24
2022-08-24,322.4,322.56,313.52,316.8
2022-08-25,312.32,316.08,307.36,315.2
2022-08-26,312.0,339.2,311.84,322.4
2022-08-29,324.48,324.72,311.52,315.36
2022-08-30,315.2,321.28,309.12,311.68
2022-08-31,309.6,310.72,304.64,307.84
2022-09-01,305.92,317.76,305.92,311.04
2022-09-02,307.2,310.4,299.584,305.44
2022-09-06,301.12,313.088,300.0,308.0
2022-09-07,310.56,311.2,293.44,296.8
2022-09-08,298.4,299.68,289.6,291.52
2022-09-09,292.0,296.0,288.16,295.52
2022-09-12,292.0,293.312,288.48,290.4
2022-09-13,298.4,310.272,294.72,304.16
2022-09-14,303.68,309.92,302.4,305.44
2022-09-15,304.48,310.4,301.12,306.4
2022-09-16,316.48,320.0,314.4,316.96
2022-09-19,303.04,303.52,285.6,287.84
2022-09-20,290.08,297.04,286.24,294.56
2022-09-21,291.04,302.4,285.76,301.76
2022-09-22,299.2,307.44,296.96,302.56
2022-09-23,308.16,333.44,308.16,317.12
2022-09-26,325.44,332.48,313.12,328.96
2022-09-27,320.96,342.88,319.68,335.2
2022-09-28,332.8,337.92,317.12,321.12
2022-09-29,329.6,344.0,329.28,329.92
2022-09-30,331.2,339.36,320.32,339.36
2022-10-03,327.68,330.56,316.24,322.4
2022-10-04,309.76,314.4,306.88,310.24
2022-10-05,315.84,322.4,310.08,312.32
2022-10-06,310.88,323.04,308.32,321.44
2022-10-07,325.6,337.36,324.8,334.56
2022-10-10,336.96,351.184,336.32,342.88
2022-10-11,345.44,352.96,337.12,348.16
2022-10-12,346.24,349.36,341.12,344.64
2022-10-13,351.84,351.84,332.16,335.68
2022-10-14,328.96,348.96,326.88,343.2
2022-10-17,332.96,334.56,326.4,333.44
2022-10-18,326.88,335.52,325.44,327.04
2022-10-19,329.28,334.8,324.8,329.6
2022-10-20,327.68,330.24,318.72,325.28
2022-10-21,323.68,325.28,317.28,324.0
2022-10-24,320.48,328.96,318.08,319.04
2022-10-25,319.36,320.32,305.92,306.72
2022-10-26,308.96,309.28,298.224,299.68
2022-10-27,298.24,299.52,292.16,293.76
2022-10-28,293.92,294.08,284.48,286.88
2022-10-31,289.12,289.12,281.92,282.56
2022-11-01,279.84,284.16,279.04,279.84
2022-11-02,281.76,288.48,276.96,287.04
2022-11-03,290.56,294.16,278.72,281.12
2022-11-04,274.88,283.52,269.36,277.6
2022-11-07,276.0,278.72,271.68,274.56
2022-11-08,272.32,285.28,271.84,282.56
2022-11-09,283.2,293.28,282.72,291.36
2022-11-10,274.88,277.424,268.8,275.36
2022-11-11,277.28,279.52,271.2,271.68
2022-11-14,272.0,272.8,264.48,271.68
2022-11-15,265.28,283.04,264.816,275.2
2022-11-16,271.52,273.28,267.2,267.84
2022-11-17,274.24,274.72,264.64,265.28
2022-11-18,263.2,268.32,262.16,262.56
2022-11-21,263.04,263.6,254.88,255.52
2022-11-22,253.28,253.28,246.24,246.72
2022-11-23,247.36,248.24,240.96,241.28
2022-11-25,243.04,244.48,241.12,242.56
2022-11-28,247.52,253.6,244.48,251.52
2022-11-29,250.4,253.232,246.72,247.84
2022-11-30,248.0,252.32,236.64,238.72
2022-12-01,238.08,242.96,233.92,234.24
2022-12-02,239.04,239.52,229.44,230.08
2022-12-05,233.12,238.88,229.36,234.08
2022-12-06,233.44,243.12,230.72,241.12
2022-12-07,242.88,246.64,240.48,244.64
2022-12-08,244.32,246.896,237.76,239.68
2022-12-09,240.96,245.6,238.88,244.8
2022-12-12,244.32,246.24,240.88,243.36
2022-12-13,229.76,242.08,228.96,233.28
2022-12-14,232.8,235.52,223.92,225.28
2022-12-15,229.6,244.56,227.84,239.36
2022-12-16,244.64,247.68,237.12,240.16
2022-12-19,239.04,239.28,230.4,234.4
2022-12-20,235.2,239.04,229.76,232.64
2022-12-21,227.52,228.16,222.56,223.84
2022-12-22,225.28,246.72,224.48,236.0
2022-12-23,236.0,237.76,227.84,229.6
2022-12-27,229.76,234.24,228.0,229.44
2022-12-28,227.36,230.32,223.28,228.96
2022-12-29,225.6,226.72,223.2,226.08
2022-12-30,228.8,231.04,225.6,225.92
2023-01-03,224.0,232.0,222.4,223.84
2023-01-04,222.08,224.0,217.28,217.76
2023-01-05,220.0,223.04,218.4,219.52
2023-01-06,215.36,218.08,211.12,214.4
2023-01-09,213.12,217.76,211.2,215.52
2023-01-10,216.72,216.8,205.92,206.56
2023-01-11,205.12,208.64,204.96,207.52
2023-01-12,203.52,206.4,196.96,197.28
2023-01-13,198.72,198.72,190.56,192.32
2023-01-17,195.36,197.12,192.16,193.92
2023-01-18,192.0,202.24,190.736,200.8
2023-01-19,206.08,208.64,198.96,201.92
2023-01-20,200.16,202.4,193.76,194.72
2023-01-23,194.72,196.08,192.16,193.28
2023-01-24,194.24,194.72,184.96,185.76
2023-01-25,191.84,197.52,185.12,186.08
2023-01-26,183.84,187.68,182.4,183.2
2023-01-27,184.0,184.0,176.96,180.8
2023-01-30,185.12,188.72,183.68,185.28
2023-01-31,185.44,186.72,179.68,181.12
2023-02-01,180.64,185.28,173.6,175.68
2023-02-02,171.52,184.48,170.24,179.36
2023-02-03,184.64,187.456,179.072,181.12
2023-02-06,183.52,186.4,181.76,185.6
2023-02-07,187.04,187.36,178.24,179.84
2023-02-08,181.92,190.0,179.2,186.56
2023-02-09,183.2,193.28,181.6,192.48
2023-02-10,195.856,199.776,192.96,194.72
2023-02-13,191.84,192.64,186.88,187.04
2023-02-14,184.8,187.44,178.4,180.8
2023-02-15,181.28,181.76,176.96,177.12
2023-02-16,182.24,186.88,178.24,186.88
2023-02-17,189.92,194.24,186.4,186.72
2023-02-21,195.84,202.88,193.28,201.28
2023-02-22,202.08,204.32,194.256,195.52
2023-02-23,191.36,197.6,187.52,188.64
2023-02-24,195.52,200.96,194.4,196.0
2023-02-27,191.2,191.2,186.72,188.48
2023-02-28,188.48,188.64,182.72,184.64
2023-03-01,185.76,190.72,182.88,186.4
2023-03-02,189.76,190.08,179.52,179.52
2023-03-03,177.6,178.72,173.68,174.4
2023-03-06,172.64,173.76,170.88,171.36
2023-03-07,171.6,176.64,168.96,175.08
2023-03-08,176.44,177.0,171.48,172.2
2023-03-09,170.88,191.88,169.56,190.04
2023-03-10,190.8,230.8,190.8,211.72
2023-03-13,236.76,238.6,213.32,218.16
2023-03-14,202.76,212.92,194.04,206.64
2023-03-15,223.92,241.52,216.688,219.84
2023-03-16,228.72,230.0,201.16,201.84
2023-03-17,208.0,227.04,204.6,223.84
2023-03-20,224.04,227.24,212.08,212.4
2023-03-21,202.96,203.08,193.6,193.84
2023-03-22,193.88,202.2,187.2,202.16
2023-03-23,195.72,210.76,188.56,207.56
2023-03-24,213.04,221.96,198.76,198.96
2023-03-27,194.6,197.88,190.28,191.88
2023-03-28,190.76,193.16,186.32,186.56
2023-03-29,182.16,183.8,179.36,180.44
2023-03-30,179.32,186.64,178.84,180.44
2023-03-31,179.56,180.6,177.0,179.64
2023-04-03,179.6,182.964,175.0,175.64
2023-04-04,176.68,183.64,175.88,178.68
2023-04-05,179.76,183.04,176.56,177.04
2023-04-06,178.56,180.16,172.36,173.92
2023-04-10,174.8,176.84,171.24,172.24
2023-04-11,170.52,171.64,168.1,170.56
2023-04-12,167.2,172.84,166.48,171.6
2023-04-13,168.48,168.56,164.6,165.36
2023-04-14,166.32,167.48,162.44,162.44
2023-04-17,162.0,162.0,157.12,158.0
2023-04-18,157.32,159.48,155.48,156.96
2023-04-19,157.96,158.6,154.64,156.36
2023-04-20,159.8,161.2,155.84,159.8
2023-04-21,158.64,161.56,156.32,156.8
2023-04-24,157.2,159.12,155.92,155.96
2023-04-25,158.4,170.28,157.08,169.16
2023-04-26,166.6,168.2,160.24,164.88
2023-04-27,159.48,159.6,155.68,157.72
2023-04-28,156.88,156.88,151.24,151.44
2023-05-01,150.18,150.48,145.44,148.96
2023-05-02,151.52,165.96,151.52,155.56
2023-05-03,157.0,160.76,152.28,160.4
2023-05-04,163.84,172.84,162.24,168.24
2023-05-05,161.2,161.96,154.16,155.0
2023-05-08,154.16,156.36,152.24,152.44
2023-05-09,155.08,156.68,153.88,156.12
2023-05-10,151.0,158.16,149.2,151.36
2023-05-11,153.16,156.8,149.4,149.88
2023-05-12,148.16,153.72,147.32,150.04
2023-05-15,148.56,150.56,146.0,146.0
2023-05-16,147.32,150.52,146.04,150.44
2023-05-17,146.6,148.6,144.64,145.44
2023-05-18,144.92,145.48,139.52,139.6
2023-05-19,138.52,146.32,137.68,143.08
2023-05-22,143.4,146.56,140.92,143.24
2023-05-23,145.2,148.2,141.68,145.96
2023-05-24,149.76,153.336,149.44,151.84
2023-05-25,147.64,151.08,146.72,148.28
2023-05-26,144.92,145.2,138.86,142.6
2023-05-30,137.48,143.44,136.4,138.92
2023-05-31,139.76,141.92,136.52,137.84
2023-06-01,135.68,136.324,129.72,129.96
2023-06-02,126.72,127.6,123.4,124.72
2023-06-05,124.88,125.36,122.12,122.44
2023-06-06,121.76,122.12,114.84,115.12
2023-06-07,115.8,117.56,114.92,115.64
2023-06-08,116.0,116.52,111.56,112.84
2023-06-09,112.52,114.96,111.888,113.44
2023-06-12,113.88,115.6,113.2,113.96
2023-06-13,112.4,114.28,111.76,113.68
2023-06-14,113.24,113.56,110.08,110.28
2023-06-15,109.28,113.32,109.12,113.2
2023-06-16,113.36,113.88,109.12,109.2
2023-06-20,110.08,112.02,109.32,109.4
2023-06-21,108.16,109.1,106.74,107.16
2023-06-22,108.32,108.52,103.84,104.6
2023-06-23,107.12,108.44,104.4,105.92
2023-06-26,106.04,106.2,103.44,105.72
2023-06-27,104.8,104.84,100.94,103.08
2023-06-28,102.24,102.4,99.24,99.32
2023-06-29,99.8,101.98,99.64,101.48
2023-06-30,99.92,100.76,98.68,100.0
2023-07-03,99.64,100.4,98.84,98.96
2023-07-05,101.04,101.04,99.34,100.28
2023-07-06,105.04,115.6,105.04,106.04
2023-07-07,107.16,107.44,102.0,103.32
2023-07-10,103.76,105.08,102.42,102.64
2023-07-11,100.84,103.604,100.24,101.88
2023-07-12,98.52,98.68,96.04,96.28
2023-07-13,94.52,97.02,93.76,96.84
2023-07-14,96.88,98.16,95.04,95.68
2023-07-17,96.0,96.12,93.728,95.48
2023-07-18,95.32,95.6,93.556,93.92
2023-07-19,93.16,96.64,92.92,95.6
2023-07-20,96.6,97.66,94.72,95.96
2023-07-21,94.8,95.44,93.04,94.8
2023-07-24,94.72,94.72,92.364,93.2
2023-07-25,93.12,93.592,91.28,93.16
2023-07-26,94.28,94.28,90.44,90.68
2023-07-27,89.0,97.24,88.8,95.2
2023-07-28,91.68,94.08,90.548,91.6
2023-07-31,91.12,92.38,90.36,90.4
2023-08-01,92.88,93.72,91.68,91.8
2023-08-02,97.56,102.6,97.2,100.08
2023-08-03,103.6,105.24,98.32,99.76
2023-08-04,96.24,104.02,94.48,103.32
2023-08-07,101.04,101.92,97.688,97.92
2023-08-08,102.096,108.84,99.52,99.64
2023-08-09,98.8,103.0,96.64,98.76
2023-08-10,95.68,102.16,93.44,99.2
2023-08-11,101.04,101.68,95.04,95.32
2023-08-14,96.88,98.36,93.44,93.68
2023-08-15,95.44,100.08,95.12,99.08
2023-08-16,99.16,100.92,96.2,100.68
2023-08-17,99.6,105.56,98.76,105.52
2023-08-18,108.84,109.32,101.964,102.84
2023-08-21,101.8,103.64,99.68,100.12
2023-08-22,98.16,102.36,98.04,100.56
2023-08-23,99.48,99.64,96.92,97.22
2023-08-24,95.88,101.588,95.38,101.2
2023-08-25,99.96,102.4,95.84,96.8
2023-08-28,94.92,95.36,92.88,93.0
2023-08-29,92.76,92.92,89.84,90.68
2023-08-30,89.68,90.48,87.44,87.96
2023-08-31,87.6,87.872,85.56,86.0
2023-09-01,84.68,85.68,83.98,84.84
2023-09-05,85.2,86.56,84.1,85.4
2023-09-06,85.68,88.92,85.4,86.96
2023-09-07,89.84,90.76,86.36,86.84
2023-09-08,86.56,86.6,83.84,85.12
2023-09-11,83.64,84.84,82.76,83.12
2023-09-12,84.0,84.4,82.2,83.72
2023-09-13,83.04,83.272,81.56,82.04
2023-09-14,80.96,81.212,79.52,79.64
2023-09-15,80.148,83.0,79.08,82.72
2023-09-18,83.76,84.36,80.84,82.04
2023-09-19,82.12,84.12,81.16,81.64
2023-09-20,80.32,84.96,79.74,84.72
2023-09-21,88.64,91.52,86.8,91.24
2023-09-22,90.88,91.96,88.2,91.48
2023-09-25,94.12,95.12,91.04,91.6
2023-09-26,93.68,100.64,92.58,100.16
2023-09-27,97.24,101.76,95.84,95.88
2023-09-28,95.96,97.08,90.704,91.48
2023-09-29,88.04,93.44,87.48,93.28
2023-10-02,93.76,95.56,91.0,93.44
2023-10-03,96.04,103.84,94.54,102.24
2023-10-04,100.6,101.98,96.72,97.12
2023-10-05,96.96,101.48,95.72,95.76
2023-10-06,98.84,101.14,92.6,94.56
2023-10-09,97.72,99.08,93.12,93.24
2023-10-10,92.32,92.36,88.96,90.12
2023-10-11,89.0,93.24,88.0,88.48
2023-10-12,87.52,94.08,85.72,90.4
2023-10-13,90.2,103.64,89.6,101.28
2023-10-16,97.48,97.8,91.4,91.64
2023-10-17,95.04,96.08,90.2,94.2
2023-10-18,96.36,101.48,95.64,100.24
2023-10-19,98.68,105.588,97.2,105.2
2023-10-20,105.32,107.72,102.76,105.84
2023-10-23,107.76,109.42,98.76,102.2
2023-10-24,99.68,102.24,97.18,97.56
2023-10-25,98.04,106.28,98.04,103.92
2023-10-26,104.16,107.92,102.32,104.84
2023-10-27,102.84,108.88,101.44,108.32
2023-10-30,104.16,104.396,100.08,100.24
2023-10-31,99.84,100.68,93.68,93.8
2023-11-01,93.12,93.12,89.36,89.84
2023-11-02,87.8,89.28,86.68,86.76
2023-11-03,85.3,85.88,84.16,84.72
2023-11-06,83.68,84.344,81.8,81.92
2023-11-07,81.76,82.6,80.96,81.52
2023-11-08,80.56,82.48,79.64,80.0
2023-11-09,79.12,83.88,78.94,83.08
2023-11-10,81.6,81.76,78.98,79.72
2023-11-13,80.28,80.72,78.04,78.84
2023-11-14,76.04,78.42,75.832,78.24
2023-11-15,77.0,77.564,76.288,76.6
2023-11-16,76.48,76.96,75.28,75.4
2023-11-17,75.04,75.72,74.0,74.24
2023-11-20,73.8,73.96,72.9,73.68
2023-11-21,73.96,74.04,71.96,72.24
2023-11-22,71.32,73.52,71.08,72.8
2023-11-24,72.04,72.56,69.36,69.68
2023-11-27,70.32,70.36,69.72,70.16
2023-11-28,69.8,70.476,68.8,69.24
2023-11-29,68.56,70.56,68.48,70.24
2023-11-30,69.84,70.76,69.0,69.16
2023-12-01,68.8,69.16,68.0,68.92
2023-12-04,70.08,71.28,69.0,69.12
2023-12-05,69.4,69.56,68.52,68.64
2023-12-06,67.92,69.4,67.52,68.96
2023-12-07,68.64,69.38,68.48,69.0
2023-12-08,68.4,68.48,66.88,67.0
2023-12-11,66.76,66.96,65.34,65.48
2023-12-12,64.56,64.96,63.18,63.6
2023-12-13,63.2,64.2,62.452,62.84
2023-12-14,62.08,64.36,62.08,62.48
2023-12-15,62.84,64.8,62.44,64.56
2023-12-18,64.48,64.96,64.28,64.72
2023-12-19,65.2,65.84,64.8,65.68
2023-12-20,65.4,70.52,65.0,69.68
2023-12-21,68.732,70.3,67.52,68.24
2023-12-22,67.88,69.32,66.44,66.44
2023-12-26,66.28,66.72,64.64,64.88
2023-12-27,64.24,64.24,62.0,62.08
2023-12-28,61.84,62.8,61.64,61.92
2023-12-29,61.96,63.6,61.52,62.08
2024-01-02,63.8,64.84,61.72,62.08
2024-01-03,63.26,65.4,62.32,64.4
2024-01-04,64.48,64.68,63.08,64.32
2024-01-05,63.72,63.8,61.6,62.2
2024-01-08,62.16,62.44,60.0,60.76
2024-01-09,61.32,61.44,59.2,59.36
2024-01-10,58.96,59.2,58.4,58.72
2024-01-11,57.88,60.56,57.72,58.4
2024-01-12,58.2,59.6,58.132,59.36
2024-01-16,60.8,62.68,60.04,61.44
2024-01-17,63.28,65.2,62.2,63.76
2024-01-18,62.16,63.6,61.28,61.56
2024-01-19,60.32,60.728,59.52,60.0
2024-01-22,59.24,59.68,57.8,58.0
2024-01-23,57.24,57.4,56.28,56.32
2024-01-24,55.88,57.84,55.724,57.8
2024-01-25,57.68,58.68,57.36,58.44
2024-01-26,58.44,58.76,57.36,58.12
2024-01-29,58.16,59.216,57.96,58.36
2024-01-30,58.16,58.28,57.44,57.6
2024-01-31,57.72,61.0,57.56,60.52
2024-02-01,59.8,61.16,58.8,60.04
2024-02-02,59.76,60.44,58.86,59.96
2024-02-05,59.44,60.68,57.44,57.6
2024-02-06,57.08,57.756,56.12,56.2
2024-02-07,55.68,56.48,55.6,56.0
2024-02-08,55.84,56.68,55.48,55.68
2024-02-09,55.44,56.28,55.0,56.08
2024-02-12,55.72,57.86,55.56,57.28
2024-02-13,59.16,65.24,58.64,61.32
2024-02-14,59.0,60.24,57.84,58.28
2024-02-15,57.6,58.86,57.22,57.68
2024-02-16,58.04,58.5,56.48,57.6
2024-02-20,58.48,60.96,58.2,59.48
2024-02-21,59.784,60.36,58.8,58.96
2024-02-22,56.72,57.96,55.96,57.84
2024-02-23,56.876,57.28,55.64,55.72
2024-02-26,55.24,55.44,54.86,55.16
2024-02-27,54.48,54.76,54.016,54.12
2024-02-28,54.48,55.44,54.36,55.0
2024-02-29,54.0,55.48,53.96,54.24
2024-03-01,53.72,54.72,53.4,54.4
2024-03-04,54.16,54.6,53.96,54.28
2024-03-05,54.8,58.18,54.72,56.52
2024-03-06,55.2,57.2,54.88,56.72
2024-03-07,55.52,57.16,55.44,56.44
2024-03-08,55.64,59.84,55.28,57.92
2024-03-11,58.44,59.444,56.78,57.32
2024-03-12,55.92,56.68,54.34,54.52
2024-03-13,54.28,54.76,53.92,54.24
2024-03-14,53.88,57.8,53.56,55.64
2024-03-15,56.488,58.84,55.9,56.76
2024-03-18,55.88,55.944,54.96,55.44
2024-03-19,55.56,55.84,53.84,53.88
2024-03-20,54.0,54.2,52.5,52.76
2024-03-21,52.04,53.0,51.8,52.28
2024-03-22,52.52,52.8,51.68,52.52
2024-03-25,52.56,52.6,51.7,52.32
2024-03-26,51.76,52.04,51.16,52.04
2024-03-27,51.36,52.28,51.04,51.08
2024-03-28,51.2,52.04,50.92,51.88
2024-04-01,51.96,53.32,51.7,52.56
2024-04-02,54.36,55.8,53.8,53.8
2024-04-03,54.64,54.92,52.88,53.44
2024-04-04,52.64,57.64,52.12,55.98
2024-04-05,56.72,57.72,55.12,57.04
2024-04-08,56.0,56.48,54.36,54.8
2024-04-09,54.56,56.84,54.12,54.4
2024-04-10,55.76,57.56,55.16,55.44
2024-04-11,55.6,57.76,54.12,54.36
2024-04-12,56.8,61.94,56.8,59.16
2024-04-15,57.4,62.72,56.72,62.44
2024-04-16,61.96,62.6,59.24,60.32
2024-04-17,60.0,62.4,58.78,59.72
2024-04-18,58.92,61.08,58.24,59.88
2024-04-19,60.12,62.82,59.28,61.84
2024-04-22,59.48,59.56,56.332,57.08
2024-04-23,55.88,56.16,54.52,54.84
2024-04-24,54.56,55.84,54.2,54.28
2024-04-25,57.36,58.2,55.18,55.52
2024-04-26,53.96,54.44,53.44,53.72
2024-04-29,53.16,53.96,52.44,52.8
2024-04-30,53.0,54.56,52.36,54.44
2024-05-01,55.0,55.44,52.32,54.76
2024-05-02,53.6,55.08,52.72,52.96
2024-05-03,51.08,52.12,50.88,51.16
2024-05-06,50.36,50.44,49.64,49.64
2024-05-07,49.56,50.04,49.5,49.64
2024-05-08,49.64,49.72,49.06,49.12
2024-05-09,49.12,49.64,48.84,48.92
2024-05-10,48.88,49.04,48.16,48.24
2024-05-13,48.16,49.04,48.04,48.76
2024-05-14,48.76,49.08,47.76,47.96
2024-05-15,47.0,47.44,46.08,46.08
2024-05-16,46.08,46.54,45.92,46.04
2024-05-17,46.0,46.2,45.36,45.44
2024-05-20,45.48,45.84,45.0,45.52
2024-05-21,45.576,45.68,44.64,44.76
2024-05-22,44.92,46.2,44.48,45.72
2024-05-23,44.8,46.92,44.56,46.36
2024-05-24,46.12,46.16,44.76,45.0
2024-05-28,44.84,46.76,44.76,45.96
2024-05-29,48.0,48.16,46.92,47.72
2024-05-30,47.76,48.48,46.68,47.56
2024-05-31,46.88,48.84,46.0,46.12
2024-06-03,45.64,47.6,45.44,45.84
2024-06-04,46.6,47.38,45.84,46.08
2024-06-05,45.48,46.48,45.04,45.24
2024-06-06,45.0,45.48,44.76,45.0
2024-06-07,44.92,45.1,44.12,44.52
2024-06-10,45.16,45.4,44.28,44.4
2024-06-11,45.0,45.6,44.28,44.44
2024-06-12,43.48,43.96,43.22,43.56
2024-06-13,43.44,44.7,43.26,43.44
2024-06-14,44.6,45.76,44.24,44.84
2024-06-17,44.92,45.48,44.164,44.76
2024-06-18,44.16,44.96,44.02,44.52
2024-06-20,44.44,46.32,44.38,46.2
2024-06-21,46.32,46.84,44.76,45.16
2024-06-24,45.44,45.52,44.32,44.8
2024-06-25,44.76,45.08,43.8,44.0
2024-06-26,44.04,44.24,43.4,43.52
2024-06-27,43.52,43.6,43.12,43.24
2024-06-28,43.16,43.8,42.88,43.68
2024-07-01,43.24,43.44,41.96,41.96
2024-07-02,42.2,42.24,41.36,41.48
2024-07-03,41.4,41.804,41.28,41.68
2024-07-05,41.52,42.16,41.46,41.84
2024-07-08,41.36,41.4,40.84,41.08
2024-07-09,41.04,41.46,40.88,41.2
2024-07-10,41.24,41.28,40.56,41.12
2024-07-11,40.64,41.86,40.576,41.36
2024-07-12,40.7,40.72,39.98,40.64
2024-07-15,40.32,41.4,40.12,41.24
2024-07-16,41.16,41.64,40.96,41.64
2024-07-17,42.64,43.54,42.08,43.0
2024-07-18,42.0,44.888,41.76,44.24
2024-07-19,44.96,46.68,44.36,46.12
2024-07-22,45.24,45.42,43.38,43.68
2024-07-23,43.68,43.88,42.68,43.32
2024-07-24,44.7,49.67,44.67,49.19
2024-07-25,48.568,51.04,46.61,49.59
2024-07-26,48.05,48.46,46.72,46.78
2024-07-29,46.37,47.25,45.68,45.91
2024-07-30,45.76,49.14,45.65,47.37
2024-07-31,46.117,46.54,44.62,46.25
2024-08-01,46.11,52.13,45.83,50.51
2024-08-02,54.46,64.45,53.82,62.68
2024-08-05,90.08,91.02,72.37,87.26
2024-08-06,77.48,80.42,62.0,70.47
2024-08-07,61.43,71.8,60.38,68.955
2024-08-08,67.74,67.74,62.61,63.47
2024-08-09,62.73,64.05,54.51,55.78
2024-08-12,54.725,56.17,51.22,54.76
2024-08-13,53.34,53.5,50.33,50.42
2024-08-14,49.48,49.9,47.06,47.14
2024-08-15,45.83,46.56,44.66,45.335
2024-08-16,46.12,46.45,45.0,45.23
2024-08-19,45.29,45.45,44.03,44.43
2024-08-20,44.74,46.439,44.52,46.17
2024-08-21,46.07,48.01,45.99,46.89
2024-08-22,46.35,49.16,46.19,48.865
2024-08-23,47.55,48.14,45.73,45.94
2024-08-26,45.66,47.05,45.57,45.9
2024-08-27,46.53,46.92,44.945,44.99
2024-08-28,45.05,48.24,44.91,47.58
2024-08-29,46.02,46.58,45.158,45.885
2024-08-30,45.04,46.0,44.36,44.5
2024-09-03,45.62,55.2,45.52,53.54
2024-09-04,55.03,56.21,51.24,54.97
2024-09-05,53.99,54.64,51.4,52.24
2024-09-06,51.34,58.58,50.7,56.11
2024-09-09,54.98,55.55,51.945,52.45
2024-09-10,51.95,54.91,51.4,51.52
2024-09-11,50.77,55.705,49.29,49.33
2024-09-12,49.85,51.02,48.88,48.94
2024-09-13,49.2,49.37,47.71,48.79
2024-09-16,49.07,50.45,48.96,49.24
2024-09-17,49.15,51.07,48.7,50.3
2024-09-18,50.1,50.931,47.56,49.88
2024-09-19,47.97,48.73,47.35,47.72
2024-09-20,48.06,48.25,46.93,47.43
2024-09-23,47.06,48.15,46.63,47.73
2024-09-24,47.45,49.358,47.145,47.76
2024-09-25,48.03,48.59,47.44,48.41
2024-09-26,48.15,48.95,48.0,48.48
2024-09-27,48.4,50.768,48.34,50.73
2024-09-30,51.0,52.17,49.53,49.6
2024-10-01,49.5,54.06,49.5,53.43
2024-10-02,53.53,55.12,52.39,52.71
2024-10-03,53.9,55.4,53.01,55.09
2024-10-04,53.89,54.753,52.72,53.0
2024-10-07,53.97,58.16,53.85,57.72
2024-10-08,55.68,56.36,54.675,55.39
2024-10-09,55.0,55.28,53.72,54.03
2024-10-10,54.28,55.45,54.185,54.71
2024-10-11,54.81,54.9,53.63,54.07
2024-10-14,53.31,53.52,51.59,52.15
2024-10-15,51.23,54.075,50.86,53.85
2024-10-16,53.72,54.61,52.97,53.33
2024-10-17,52.81,53.5,52.34,52.45
2024-10-18,52.09,52.39,51.14,51.21
2024-10-21,51.6,52.71,51.09,51.35
2024-10-22,52.04,52.57,50.81,51.15
2024-10-23,51.75,55.09,51.61,53.72
2024-10-24,52.53,55.25,52.465,52.81
2024-10-25,52.19,55.39,51.72,55.29
2024-10-28,53.06,53.38,52.01,52.71
2024-10-29,52.84,53.25,51.71,52.48
2024-10-30,52.95,53.92,52.12,53.76
2024-10-31,55.21,58.0,55.1,57.87
2024-11-01,56.31,57.05,54.96,56.85
2024-11-04,56.37,56.71,54.15,54.47
2024-11-05,53.69,53.69,51.41,51.55
2024-11-06,46.0,48.49,46.0,46.74
2024-11-07,45.74,45.74,44.84,45.09
2024-11-08,45.03,45.61,44.57,44.77
2024-11-11,44.37,44.75,43.92,44.65
2024-11-12,44.92,45.73,44.36,44.52
2024-11-13,44.24,44.78,43.35,43.535
2024-11-14,43.27,43.84,42.78,43.48
2024-11-15,44.16,48.63,43.95,46.59
2024-11-18,46.31,46.64,44.15,44.89
2024-11-19,47.52,47.62,45.21,46.38
2024-11-20,46.43,49.83,46.34,48.03
2024-11-21,46.58,49.27,46.43,47.65
2024-11-22,47.29,47.56,45.72,45.76
2024-11-25,44.39,46.246,43.88,43.88
2024-11-26,44.04,44.06,43.23,43.61
2024-11-27,43.69,44.82,43.32,43.45
2024-11-29,43.0,43.08,42.42,42.585
2024-12-02,42.62,42.74,42.14,42.3
2024-12-03,42.6,43.24,41.71,42.07
2024-12-04,41.68,42.39,41.3,42.33
2024-12-05,42.56,42.7,42.11,42.42
2024-12-06,41.68,42.18,41.47,41.76
2024-12-09,41.67,43.07,41.59,42.89
2024-12-10,42.45,42.86,42.02,42.46
2024-12-11,41.59,42.33,41.38,42.13
2024-12-12,42.24,42.92,41.839,42.47
2024-12-13,41.97,43.03,41.75,42.5
2024-12-16,42.3,43.46,42.3,43.22
2024-12-17,43.75,44.5,43.24,44.29
2024-12-18,44.0,51.89,43.38,51.72
2024-12-19,49.59,56.85,48.89,56.14
2024-12-20,55.82,55.98,47.625,48.08
2024-12-23,46.92,48.82,44.38,44.38
2024-12-24,43.97,44.05,42.18,42.28
2024-12-26,42.61,44.016,42.255,42.55
2024-12-27,43.18,46.87,43.088,44.43
2024-12-30,46.92,48.49,44.14,45.53
2024-12-31,44.68,46.26,44.37,45.8
2025-01-02,45.1,49.018,44.85,46.84
2025-01-03,46.0,46.3,44.09,44.1
2025-01-06,43.82,44.88,43.28,43.9
2025-01-07,43.49,47.4,43.4,46.41
2025-01-08,47.08,48.61,45.93,46.34
2025-01-10,47.93,50.47,47.59,49.45
2025-01-13,51.11,51.5,48.12,48.52
2025-01-14,47.63,49.06,46.424,47.42
2025-01-15,45.05,45.155,43.43,43.55
2025-01-16,43.43,43.91,43.113,43.62
2025-01-17,42.97,43.96,42.77,43.96
2025-01-21,43.03,43.4,41.98,42.11
2025-01-22,42.08,42.86,41.98,42.75
2025-01-23,42.55,42.61,41.7,41.93
2025-01-24,41.61,42.15,41.46,41.74
2025-01-27,46.7,46.92,43.94,44.49
2025-01-28,44.0,45.21,42.735,43.02
2025-01-29,42.9,44.56,42.66,42.91
2025-01-30,42.3,43.24,42.16,42.68
2025-01-31,42.14,44.72,41.92,44.12
2025-02-03,47.13,48.2,43.48,45.07
2025-02-04,44.52,45.07,43.42,43.69
2025-02-05,43.74,44.3,42.7,42.8
2025-02-06,42.39,43.33,42.34,42.53
2025-02-07,42.19,44.116,42.13,43.96
2025-02-10,43.17,43.59,42.83,42.85
2025-02-11,43.14,43.33,42.56,42.9
2025-02-12,43.97,44.26,42.64,42.87
2025-02-13,42.81,43.3,42.06,42.06
2025-02-14,42.08,42.47,41.83,42.0
2025-02-18,41.75,42.165,41.44,41.8
2025-02-19,42.2,42.2,41.27,41.27
2025-02-20,41.31,42.3,41.04,41.49
2025-02-21,41.51,44.865,41.49,44.33
2025-02-24,43.85,45.76,43.08,44.7
2025-02-25,45.0,47.03,44.02,45.14
2025-02-26,44.57,45.44,43.04,44.1
2025-02-27,43.48,46.79,43.25,46.57
2025-02-28,47.13,48.15,45.39,45.83
2025-03-03,44.51,50.775,44.51,49.29
2025-03-04,51.57,54.505,48.33,50.59
2025-03-05,50.23,51.75,48.27,48.45
2025-03-06,51.47,53.905,50.16,53.73
2025-03-07,53.39,55.34,51.02,51.23
2025-03-10,53.94,57.87,53.52,56.48
2025-03-11,57.32,60.275,55.94,56.94
2025-03-12,54.71,57.39,53.53,53.97
2025-03-13,54.16,57.57,53.22,56.28
2025-03-14,54.53,54.83,51.27,51.53
2025-03-17,50.943,50.95,49.22,49.51
2025-03-18,49.3,51.64,49.03,50.8
2025-03-19,50.41,50.81,48.0,49.18
2025-03-20,50.01,50.31,47.894,48.33
2025-03-21,49.24,49.98,48.1,48.1
2025-03-24,46.71,46.74,45.16,45.45
2025-03-25,44.94,45.8,44.85,45.8
2025-03-26,45.0,47.98,45.0,46.94
2025-03-27,47.68,48.46,46.585,47.18
2025-03-28,48.06,51.7,47.47,51.42
2025-03-31,54.35,55.31,50.84,51.47
2025-04-01,52.17,54.0,50.69,51.48
2025-04-02,53.65,53.65,49.18,50.09
2025-04-03,57.51,62.61,55.93,62.49
2025-04-04,69.93,76.46,66.72,74.85
2025-04-07,81.74,84.82,68.23,74.35
2025-04-08,67.88,91.19,67.31,85.42
2025-04-09,87.18,89.23,63.35,67.79
2025-04-10,72.09,87.05,69.61,79.2
2025-04-11,81.64,85.79,76.64,77.12
2025-04-14,70.52,75.75,68.03,68.03
2025-04-15,68.5,69.37,65.69,68.32
2025-04-16,70.66,75.31,68.39,73.36
2025-04-17,71.67,73.1,70.94,71.34
2025-04-21,72.25,77.62,72.06,76.52
2025-04-22,73.08,73.49,70.57,70.94
2025-04-23,67.61,70.76,66.29,68.38
2025-04-24,67.82,68.04,65.62,65.86
2025-04-25,65.78,67.26,63.21,63.34
2025-04-28,62.32,66.105,62.32,63.68
2025-04-29,64.28,64.69,62.75,63.02
2025-04-30,65.22,68.47,64.02,64.64
2025-05-01,62.75,64.58,62.57,63.42
2025-05-02,62.17,62.75,60.79,61.01
2025-05-05,62.0,62.64,60.95,62.13
2025-05-06,64.05,64.79,62.693,64.55
2025-05-07,63.73,64.99,62.46,62.83
2025-05-08,61.78,62.241,59.85,60.44
2025-05-09,60.17,60.63,59.28,59.95
2025-05-12,55.44,55.5,52.09,52.17
2025-05-13,51.36,51.9,50.285,51.82
2025-05-14,51.91,53.17,51.81,52.94
2025-05-15,53.43,53.975,51.99,52.07
2025-05-16,51.59,52.31,51.24,51.83
2025-05-19,53.88,54.235,52.07,52.47
2025-05-20,52.28,53.36,51.88,52.09
2025-05-21,53.14,56.375,52.16,55.66
2025-05-22,56.02,56.39,54.211,55.1
2025-05-23,59.0,59.36,56.91,58.79
2025-05-27,55.13,55.8,52.83,52.88
2025-05-28,52.765,53.88,52.76,53.49
2025-05-29,52.15,54.36,52.09,53.55
2025-05-30,54.25,55.96,53.26,53.83
2025-06-02,54.34,54.81,53.19,53.28
2025-06-03,53.03,53.265,51.93,52.11
2025-06-04,51.9,52.479,51.76,52.02
2025-06-05,51.425,53.53,50.56,53.02
2025-06-06,51.63,51.75,50.655,50.81
2025-06-09,50.5,50.77,49.85,50.32
2025-06-10,50.28,50.53,49.764,50.08
2025-06-11,49.18,51.29,48.67,50.51
2025-06-12,51.21,51.515,50.26,51.16
2025-06-13,53.585,56.01,52.23,55.15
2025-06-16,52.97,52.98,50.84,51.29
2025-06-17,52.28,55.22,51.94,54.22
2025-06-18,54.24,54.856,51.87,52.9
2025-06-20,52.39,54.24,52.07,53.46
2025-06-23,53.31,55.57,52.61,52.79
2025-06-24,50.03,50.09,49.09,49.15
2025-06-25,48.6,49.36,48.48,48.52
2025-06-26,48.5,48.5,47.98,48.41
2025-06-27,47.88,49.29,47.84,48.27
2025-06-30,47.74,48.45,47.61,48.05
2025-07-01,48.34,48.4,47.53,48.04
2025-07-02,48.07,48.26,47.44,47.91
2025-07-03,47.06,47.63,46.81,47.57
2025-07-07,48.075,48.97,47.82,48.14
2025-07-08,47.13,47.31,46.55,46.85
2025-07-09,45.74,46.195,45.23,45.26
2025-07-10,45.09,45.39,44.77,44.95
2025-07-11,45.89,46.02,44.69,45.2
2025-07-14,45.67,45.95,45.36,45.87
2025-07-15,44.91,45.67,44.835,45.61
2025-07-16,45.48,48.1,45.215,45.91
2025-07-17,45.65,45.96,45.43,45.85
2025-07-18,45.24,45.64,45.01,45.01
2025-07-21,44.64,44.86,43.89,44.86
2025-07-22,44.59,45.768,44.41,44.65
2025-07-23,43.98,44.35,42.7,42.81
2025-07-24,42.51,42.815,42.16,42.68
2025-07-25,42.81,42.85,42.22,42.33
2025-07-28,41.45,41.74,41.14,41.15
2025-07-29,40.69,42.355,40.46,42.1
2025-07-30,41.935,42.998,41.55,42.39
2025-07-31,41.39,42.78,41.11,42.46
2025-08-01,44.53,46.97,44.49,45.91
2025-08-04,44.63,44.74,42.85,42.92
2025-08-05,42.64,44.53,42.64,43.25
2025-08-06,43.15,43.47,41.875,41.93
2025-08-07,41.36,42.898,41.201,42.21
2025-08-08,41.56,41.68,40.75,40.81
2025-08-11,40.67,41.23,40.36,41.0
2025-08-12,40.22,40.3,39.2,39.3
2025-08-13,38.73,39.31,38.65,39.02
2025-08-14,39.79,39.85,38.935,39.18
2025-08-15,38.91,39.36,38.775,39.04
2025-08-18,38.97,38.99,37.89,38.1
2025-08-19,37.67,39.03,37.639,38.82
2025-08-20,38.89,40.075,38.495,38.67
2025-08-21,39.14,39.81,38.83,39.27
2025-08-22,39.035,39.09,35.97,35.98
2025-08-25,36.375,36.62,35.85,36.14
2025-08-26,36.37,36.43,35.82,35.86
2025-08-27,36.0,36.49,35.6,36.01
2025-08-28,35.52,36.04,35.37,35.45
2025-08-29,35.46,36.605,35.281,36.27
2025-09-02,38.21,38.94,37.35,37.39
2025-09-03,37.17,37.26,36.44,36.46
2025-09-04,36.24,36.33,35.33,35.38
2025-09-05,34.56,36.49,34.5,35.47
2025-09-08,35.1,35.201,34.724,34.81
2025-09-09,34.96,35.415,34.6,34.64
2025-09-10,34.22,34.765,34.08,34.44
2025-09-11,33.9,34.11,33.643,33.68
2025-09-12,33.66,33.755,33.25,33.68
2025-09-15,33.28,34.03,33.246,33.91
2025-09-16,34.02,34.6,33.97,34.53
2025-09-17,34.25,34.28,32.79,33.32
2025-09-18,32.68,33.31,32.635,33.17
2025-09-19,32.88,33.69,32.88,33.18
2025-09-22,33.5,33.81,33.211,33.8
2025-09-23,33.68,34.76,33.68,34.2
2025-09-24,33.99,34.835,33.78,33.86
2025-09-25,34.51,34.868,33.5,34.3
2025-09-26,33.92,34.44,32.84,32.84
2025-09-29,32.72,33.52,32.68,33.27
2025-09-30,33.5,33.62,33.02,33.16
2025-10-01,33.445,33.49,32.86,32.97
2025-10-02,32.8,33.486,32.781,33.44
2025-10-03,33.2,33.71,33.08,33.25
2025-10-06,33.09,33.52,32.995,33.05
2025-10-07,33.0,34.03,32.86,33.77
2025-10-08,33.61,33.81,33.105,33.24
2025-10-09,33.0,33.815,32.95,33.23
2025-10-10,33.25,37.87,33.01,37.47
2025-10-13,35.36,35.69,34.41,34.62
2025-10-14,36.59,37.815,34.98,36.15
2025-10-15,35.27,37.468,35.01,36.58
2025-10-16,36.22,40.24,36.075,39.97
2025-10-17,39.22,40.825,36.77,36.95
2025-10-20,35.81,35.83,33.91,33.99
2025-10-21,34.3,34.855,33.46,33.72
2025-10-22,33.9,36.03,33.73,34.25
2025-10-23,34.37,34.56,33.42,33.47
2025-10-24,32.67,33.26,32.57,33.08
2025-10-27,32.03,32.41,31.84,32.0
2025-10-28,31.97,32.995,31.97,32.93
2025-10-29,32.68,33.59,32.29,33.57
2025-10-30,33.12,33.9,32.76,33.83
2025-10-31,33.08,34.68,33.03,34.0
2025-11-03,33.57,34.71,33.435,33.68
2025-11-04,34.85,35.305,34.075,34.89
2025-11-05,34.89,35.04,33.19,33.66
2025-11-06,33.87,35.51,33.69,34.99
2025-11-07,35.99,37.07,34.7,34.81
2025-11-10,33.42,33.58,32.77,32.85
2025-11-11,32.905,32.98,32.58,32.78
2025-11-12,32.5,33.33,32.5,32.91
2025-11-13,33.36,35.759,33.03,35.22
2025-11-14,36.21,36.785,33.96,34.57
2025-11-17,35.2,36.9,34.29,36.35
2025-11-18,37.4,38.63,36.33,37.53
2025-11-19,37.555,38.01,35.87,36.83
2025-11-20,34.33,39.705,34.09,39.48
2025-11-21,38.36,40.52,36.901,37.32
2025-11-24,36.79,36.87,34.575,34.78
2025-11-25,34.69,35.995,33.6,33.68
2025-11-26,33.3,33.43,32.58,32.77
2025-11-28,32.66,32.67,32.07,32.1
2025-12-01,32.87,32.87,31.6,32.06
2025-12-02,31.75,32.049,31.5,31.7
2025-12-03,31.92,32.02,31.3,31.42
2025-12-04,31.22,31.625,31.02,31.09
2025-12-05,30.95,31.18,30.66,30.72
2025-12-08,30.64,31.52,30.64,31.08
2025-12-09,31.25,31.3,30.77,31.24
2025-12-10,31.37,31.546,29.88,30.02
2025-12-11,30.3,30.85,29.46,29.48
2025-12-12,29.35,30.9,29.11,29.53
2025-12-15,29.25,30.24,29.155,29.56
2025-12-16,29.7,30.2,29.255,29.53
2025-12-17,29.31,30.075,29.02,29.99
2025-12-18,29.22,29.67,28.78,28.94
2025-12-19,28.7,28.7,27.81,27.86
2025-12-22,27.38,27.46,26.93,26.99
2025-12-23,27.16,27.16,26.89,27.1
2025-12-24,26.98,27.14,26.875,27.06
2025-12-26,26.91,27.32,26.88,26.97
2025-12-29,27.215,27.23,26.431,26.67
2025-12-30,26.61,26.61,26.15,26.28
2025-12-31,26.27,26.67,26.09,26.47
2026-01-02,26.08,26.53,25.93,26.1
2026-01-05,25.85,26.38,25.77,26.38
2026-01-06,26.3,26.37,25.96,26.02
2026-01-07,26.17,26.606,26.14,26.44
2026-01-08,26.57,26.63,26.02,26.25
2026-01-09,26.13,26.43,25.635,25.75
2026-01-12,26.33,26.33,25.78,25.84
2026-01-13,25.715,26.75,25.69,26.53
2026-01-14,27.165,27.85,26.88,27.13
2026-01-15,26.255,26.49,26.025,26.32
2026-01-16,26.15,26.651,26.06,26.42
2026-01-20,28.73,29.88,27.69,29.38
2026-01-21,28.16,28.57,26.4,26.76
2026-01-22,26.29,26.69,26.0,26.0
2026-01-23,26.35,26.6,25.84,26.53
2026-01-26,26.45,26.61,26.135,26.57
2026-01-27,26.49,26.94,26.25,26.94
2026-01-28,26.82,27.309,26.545,26.87
2026-01-29,27.3,28.771,27.1,27.23
2026-01-30,27.43,27.87,26.77,27.5
2026-02-02,27.23,27.3,26.01,26.12
2026-02-03,26.28,28.45,26.19,27.27
2026-02-04,27.09,28.84,26.91,27.65
2026-02-05,28.75,29.77,28.07,29.35
2026-02-06,28.48,28.575,27.34,27.62
2026-02-09,27.51,27.63,26.51,26.6
2026-02-10,26.71,27.19,26.54,27.17
2026-02-11,26.52,27.751,26.48,27.12
2026-02-12,26.86,28.915,26.661,28.79
2026-02-13,28.81,29.75,27.765,29.25
2026-02-17,29.48,30.22,28.085,28.27
2026-02-18,28.35,28.675,27.63,28.26
2026-02-19,29.05,29.57,28.75,28.98
2026-02-20,29.54,29.68,28.02,28.37
2026-02-23,28.445,29.646,28.03,29.44
2026-02-24,29.43,29.745,28.35,28.49
2026-02-25,27.94,28.06,27.37,27.38
2026-02-26,27.27,28.84,27.23,27.72
2026-02-27,29.17,29.505,28.345,28.9
2026-03-02,30.59,30.66,28.72,29.26
2026-03-03,31.53,33.695,29.76,30.48
2026-03-04,30.29,30.51,28.988,29.47
2026-03-05,30.35,32.73,29.86,31.37
2026-03-06,33.82,35.76,32.89,35.67
2026-03-09,36.1,37.43,31.67,32.28
